nim,kode,sks,harga,grup,nilai,semester,th_ajaran
72140001,MH1013,3,3,H,C+,GASAL,2014/2015
72140001,SI1016,6,7,A,A,GASAL,2014/2015
72140001,PR1016,0,0,A,T,GASAL,2014/2015
72140001,SI1026,6,6,A,B,GASAL,2014/2015
72140001,SI1036,6,9,B,A,GASAL,2014/2015
72140001,PR1036,0,0,B,T,GASAL,2014/2015
72140001,PR9100,0,0,A,B,GASAL,2014/2015
72130025,SI2016,6,6,A,A-,GASAL,2014/2015
72130006,SI2016,6,6,A,A-,GASAL,2014/2015
72130025,SI2036,6,8,A,B+,GASAL,2014/2015
72130001,SI2026,6,8,A,C,GASAL,2014/2015
72130006,SI2036,6,8,A,B+,GASAL,2014/2015
72130001,PR2026,0,0,A,T,GASAL,2014/2015
72130004,MH2013,3,3,A,A-,GASAL,2014/2015
72130018,SI2026,6,8,A,D,GASAL,2014/2015
72130022,MH2013,3,3,A,A-,GASAL,2014/2015
72130002,MH2013,3,3,A,A-,GASAL,2014/2015
72130001,MH2013,3,3,A,B+,GASAL,2014/2015
72130005,SI2036,6,8,A,A,GASAL,2014/2015
72130022,SI2016,6,6,A,A-,GASAL,2014/2015
72130001,SI2016,6,6,A,B+,GASAL,2014/2015
72130018,PR2026,0,0,B,T,GASAL,2014/2015
72130025,MH5033,3,3,A,A,GASAL,2014/2015
72130005,SI2016,6,6,A,A-,GASAL,2014/2015
72130001,SI2036,6,8,A,E,GASAL,2014/2015
72130004,SI2016,6,6,A,A-,GASAL,2014/2015
72130025,MH2013,3,3,A,A-,GASAL,2014/2015
72130002,SI2016,6,6,A,A,GASAL,2014/2015
72130011,MH2013,3,3,A,B+,GASAL,2014/2015
72130022,SI2026,6,8,A,A,GASAL,2014/2015
72130026,MH2013,3,3,A,B,GASAL,2014/2015
72130004,SI2026,6,8,A,B-,GASAL,2014/2015
72130011,SI2016,6,6,A,B+,GASAL,2014/2015
72130006,MH2013,3,3,A,A-,GASAL,2014/2015
72130002,SI2026,6,8,A,B,GASAL,2014/2015
72130007,MH2013,3,3,A,B,GASAL,2014/2015
72130018,MH2013,3,3,A,B,GASAL,2014/2015
72130011,SI2026,6,8,A,C,GASAL,2014/2015
72130007,SI2016,6,6,A,B,GASAL,2014/2015
72130026,SI2016,6,6,A,C+,GASAL,2014/2015
72130005,MH2013,3,3,A,A,GASAL,2014/2015
72130012,MH2013,3,3,A,B-,GASAL,2014/2015
72130007,SI2026,6,8,A,B-,GASAL,2014/2015
72130026,SI2026,6,8,A,C,GASAL,2014/2015
72130018,SI2016,6,6,A,B-,GASAL,2014/2015
72130018,SI2073,3,5,A,D,GASAL,2014/2015
72130006,SI2026,6,8,A,B+,GASAL,2014/2015
72130026,PR2026,0,0,A,T,GASAL,2014/2015
72130022,PR2026,0,0,A,T,GASAL,2014/2015
72130002,PR2026,0,0,A,T,GASAL,2014/2015
72130011,PR2026,0,0,A,T,GASAL,2014/2015
72130007,PR2026,0,0,A,T,GASAL,2014/2015
72130006,PR2026,0,0,A,T,GASAL,2014/2015
72130004,PR2026,0,0,A,T,GASAL,2014/2015
72130022,SI2036,6,8,A,A,GASAL,2014/2015
72130025,SI2026,6,8,A,B-,GASAL,2014/2015
72130012,SI2016,6,6,A,B-,GASAL,2014/2015
72130002,SI2036,6,8,A,B,GASAL,2014/2015
72130007,SI2036,6,8,A,C,GASAL,2014/2015
72130025,PR2026,0,0,A,T,GASAL,2014/2015
72130026,SI2036,6,8,A,C,GASAL,2014/2015
72130005,SI2026,6,8,A,B+,GASAL,2014/2015
72130005,PR2026,0,0,A,T,GASAL,2014/2015
72130012,SI2026,6,8,A,C,GASAL,2014/2015
72130004,SI2036,6,8,A,B-,GASAL,2014/2015
72130012,PR2026,0,0,A,T,GASAL,2014/2015
72130011,SI2036,6,8,A,C,GASAL,2014/2015
72130009,SI1036,6,9,A,C+,GASAL,2014/2015
72130013,SI1016,6,7,A,C+,GASAL,2014/2015
72130009,PR1036,0,0,A,T,GASAL,2014/2015
72130013,PR1016,0,0,B,T,GASAL,2014/2015
72130009,SI2073,3,5,A,D,GASAL,2014/2015
72130009,SI2026,6,8,A,C,GASAL,2014/2015
72130009,PR2026,0,0,A,T,GASAL,2014/2015
72130002,MH5033,3,3,A,A,GASAL,2014/2015
72130022,MH5033,3,3,A,A-,GASAL,2014/2015
72130009,SI2036,6,8,A,E,GASAL,2014/2015
72130015,MH2013,3,3,A,D,GASAL,2014/2015
72130015,SI1016,6,7,A,B,GASAL,2014/2015
72130015,PR1016,0,0,B,T,GASAL,2014/2015
72130015,SI1036,6,9,A,C,GASAL,2014/2015
72130015,PR1036,0,0,A,T,GASAL,2014/2015
72130013,SI2073,3,5,A,D,GASAL,2014/2015
72130006,MH5033,3,3,A,A-,GASAL,2014/2015
72130013,MH2013,3,3,A,D,GASAL,2014/2015
72130004,MH5033,3,3,A,A-,GASAL,2014/2015
72130012,SI2073,3,5,A,D,GASAL,2014/2015
72130015,SI2073,3,5,A,D,GASAL,2014/2015
72130028,MH2013,3,3,A,A,GASAL,2014/2015
72130034,MH2013,3,3,A,A,GASAL,2014/2015
72130027,MH2013,3,3,A,A-,GASAL,2014/2015
72130034,SI2016,6,6,A,A,GASAL,2014/2015
72130034,SI2026,6,8,A,A,GASAL,2014/2015
72130034,PR2026,0,0,A,T,GASAL,2014/2015
72130028,SI2016,6,6,A,A,GASAL,2014/2015
72130034,SI2036,6,8,A,A,GASAL,2014/2015
72130027,SI2016,6,6,A,B,GASAL,2014/2015
72130028,MH5033,3,3,A,A,GASAL,2014/2015
72130027,SI2026,6,8,A,B-,GASAL,2014/2015
72130034,MH5033,3,3,A,A,GASAL,2014/2015
72130033,MH2013,3,3,A,B-,GASAL,2014/2015
72130028,SI2026,6,8,A,A-,GASAL,2014/2015
72130027,PR2026,0,0,A,T,GASAL,2014/2015
72130028,PR2026,0,0,A,T,GASAL,2014/2015
72130033,SI2016,6,6,A,B-,GASAL,2014/2015
72130027,SI2036,6,8,A,B+,GASAL,2014/2015
72140002,MH1013,3,3,J,A,GASAL,2014/2015
72140002,SI1016,6,7,A,A,GASAL,2014/2015
72140002,PR1016,0,0,B,T,GASAL,2014/2015
72140002,SI1026,6,6,A,B,GASAL,2014/2015
72140002,SI1036,6,9,A,B-,GASAL,2014/2015
72140002,PR1036,0,0,A,T,GASAL,2014/2015
72140002,PR9100,0,0,A,B+,GASAL,2014/2015
72130037,MH2013,3,3,A,B+,GASAL,2014/2015
72130028,SI2036,6,8,A,A,GASAL,2014/2015
72130037,SI1043,3,3,A,B,GASAL,2014/2015
72130049,SI2016,6,6,A,A,GASAL,2014/2015
72130053,SI1036,6,9,A,B-,GASAL,2014/2015
72130027,MH5033,3,3,A,A,GASAL,2014/2015
72130053,PR1036,0,0,A,T,GASAL,2014/2015
72130044,SI2016,6,6,A,C+,GASAL,2014/2015
72130053,SI2016,6,6,A,B+,GASAL,2014/2015
72140003,MH1013,3,3,J,A,GASAL,2014/2015
72140003,SI1016,6,7,A,A,GASAL,2014/2015
72140003,PR1016,0,0,B,T,GASAL,2014/2015
72140003,SI1026,6,6,A,B,GASAL,2014/2015
72140003,SI1036,6,9,A,A,GASAL,2014/2015
72140003,PR1036,0,0,A,T,GASAL,2014/2015
72140003,PR9100,0,0,A,A,GASAL,2014/2015
72140004,MH1013,3,3,H,B-,GASAL,2014/2015
72140004,SI1016,6,7,A,D,GASAL,2014/2015
72140004,PR1016,0,0,A,T,GASAL,2014/2015
72140004,SI1026,6,6,A,D,GASAL,2014/2015
72140004,SI1036,6,9,B,E,GASAL,2014/2015
72140004,PR1036,0,0,B,T,GASAL,2014/2015
72140004,PR9100,0,0,A,E,GASAL,2014/2015
72140005,MH1013,3,3,H,A-,GASAL,2014/2015
72140005,SI1016,6,7,A,B,GASAL,2014/2015
72140005,PR1016,0,0,A,T,GASAL,2014/2015
72140005,SI1026,6,6,A,B,GASAL,2014/2015
72140005,SI1036,6,9,B,C,GASAL,2014/2015
72140005,PR1036,0,0,B,T,GASAL,2014/2015
72140005,PR9100,0,0,A,C,GASAL,2014/2015
72140006,MH1013,3,3,H,D,GASAL,2014/2015
72140006,SI1016,6,7,A,E,GASAL,2014/2015
72140006,PR1016,0,0,A,T,GASAL,2014/2015
72140006,SI1026,6,6,A,E,GASAL,2014/2015
72140006,SI1036,6,9,B,E,GASAL,2014/2015
72140006,PR1036,0,0,B,T,GASAL,2014/2015
72140006,PR9100,0,0,A,E,GASAL,2014/2015
72140007,MH1013,3,3,J,A-,GASAL,2014/2015
72140007,SI1016,6,7,A,A,GASAL,2014/2015
72140007,PR1016,0,0,B,T,GASAL,2014/2015
72140007,SI1026,6,6,A,B,GASAL,2014/2015
72140007,SI1036,6,9,A,A-,GASAL,2014/2015
72140007,PR1036,0,0,A,T,GASAL,2014/2015
72140007,PR9100,0,0,A,A-,GASAL,2014/2015
72130049,SI2036,6,8,A,A,GASAL,2014/2015
72140008,MH1013,3,3,H,A-,GASAL,2014/2015
72140008,SI1016,6,7,A,A,GASAL,2014/2015
72140008,PR1016,0,0,A,T,GASAL,2014/2015
72140008,SI1026,6,6,A,B+,GASAL,2014/2015
72140008,SI1036,6,9,B,A,GASAL,2014/2015
72140008,PR1036,0,0,B,T,GASAL,2014/2015
72140008,PR9100,0,0,A,A,GASAL,2014/2015
72130033,SI2026,6,8,A,B-,GASAL,2014/2015
72130033,PR2026,0,0,A,T,GASAL,2014/2015
72130049,SI2073,3,5,A,A,GASAL,2014/2015
72140009,MH1013,3,3,H,D,GASAL,2014/2015
72140009,SI1016,6,7,A,B+,GASAL,2014/2015
72140009,PR1016,0,0,A,T,GASAL,2014/2015
72140009,SI1026,6,6,A,B-,GASAL,2014/2015
72140009,SI1036,6,9,B,E,GASAL,2014/2015
72140009,PR1036,0,0,B,T,GASAL,2014/2015
72140009,PR9100,0,0,A,D,GASAL,2014/2015
72140010,MH1013,3,3,J,C,GASAL,2014/2015
72140010,SI1016,6,7,A,E,GASAL,2014/2015
72140010,PR1016,0,0,B,T,GASAL,2014/2015
72140010,SI1026,6,6,A,C,GASAL,2014/2015
72140010,SI1036,6,9,A,E,GASAL,2014/2015
72140010,PR1036,0,0,A,T,GASAL,2014/2015
72140010,PR9100,0,0,A,E,GASAL,2014/2015
72130040,MH2013,3,3,A,B,GASAL,2014/2015
72130044,SI2073,3,5,A,B-,GASAL,2014/2015
72130050,MH2013,3,3,A,A,GASAL,2014/2015
72130035,SI2036,6,8,A,C,GASAL,2014/2015
72130050,MH5033,3,3,A,A,GASAL,2014/2015
72130035,SI2016,6,6,A,B,GASAL,2014/2015
72130040,SI2016,6,6,A,C+,GASAL,2014/2015
72140011,MH1013,3,3,J,A-,GASAL,2014/2015
72140011,SI1016,6,7,A,A,GASAL,2014/2015
72140011,PR1016,0,0,B,T,GASAL,2014/2015
72140011,SI1026,6,6,A,A-,GASAL,2014/2015
72140011,SI1036,6,9,A,A,GASAL,2014/2015
72140011,PR1036,0,0,A,T,GASAL,2014/2015
72140011,PR9100,0,0,A,A,GASAL,2014/2015
72130050,SI2016,6,6,A,A,GASAL,2014/2015
72130035,SI2026,6,8,A,C,GASAL,2014/2015
72130040,SI2026,6,8,A,D,GASAL,2014/2015
72130050,SI2026,6,8,A,A,GASAL,2014/2015
72130050,PR2026,0,0,A,T,GASAL,2014/2015
72130040,PR2026,0,0,A,T,GASAL,2014/2015
72130035,PR2026,0,0,A,T,GASAL,2014/2015
72130050,SI2036,6,8,A,A,GASAL,2014/2015
72140012,MH1013,3,3,H,A-,GASAL,2014/2015
72140012,SI1016,6,7,A,B+,GASAL,2014/2015
72140012,PR1016,0,0,A,T,GASAL,2014/2015
72140012,SI1026,6,6,A,B,GASAL,2014/2015
72140012,SI1036,6,9,B,C,GASAL,2014/2015
72140012,PR1036,0,0,B,T,GASAL,2014/2015
72140012,PR9100,0,0,A,D,GASAL,2014/2015
72130033,SI2036,6,8,A,C+,GASAL,2014/2015
72140013,MH1013,3,3,J,A,GASAL,2014/2015
72140013,SI1016,6,7,A,A,GASAL,2014/2015
72140013,PR1016,0,0,B,T,GASAL,2014/2015
72140013,SI1026,6,6,A,B+,GASAL,2014/2015
72140013,SI1036,6,9,A,A,GASAL,2014/2015
72140013,PR1036,0,0,A,T,GASAL,2014/2015
72140013,PR9100,0,0,A,A,GASAL,2014/2015
72130040,SI2073,3,5,A,E,GASAL,2014/2015
72130049,SI2026,6,8,A,A,GASAL,2014/2015
72130053,SI2026,6,8,A,E,GASAL,2014/2015
72130049,PR2026,0,0,B,T,GASAL,2014/2015
72130044,SI2026,6,8,A,C,GASAL,2014/2015
72130044,PR2026,0,0,B,T,GASAL,2014/2015
72130046,SI2016,6,6,A,C,GASAL,2014/2015
72130053,PR2026,0,0,B,T,GASAL,2014/2015
72140014,MH1013,3,3,J,A,GASAL,2014/2015
72140014,SI1016,6,7,A,A,GASAL,2014/2015
72140014,PR1016,0,0,B,T,GASAL,2014/2015
72140014,SI1026,6,6,A,B+,GASAL,2014/2015
72140014,SI1036,6,9,A,A,GASAL,2014/2015
72140014,PR1036,0,0,A,T,GASAL,2014/2015
72140014,PR9100,0,0,A,A,GASAL,2014/2015
72140016,MH1013,3,3,J,B+,GASAL,2014/2015
72140016,SI1016,6,7,A,A-,GASAL,2014/2015
72140016,PR1016,0,0,B,T,GASAL,2014/2015
72140016,SI1026,6,6,A,B-,GASAL,2014/2015
72140016,SI1036,6,9,A,B+,GASAL,2014/2015
72140016,PR1036,0,0,A,T,GASAL,2014/2015
72140016,PR9100,0,0,A,B,GASAL,2014/2015
72130030,SI2036,6,8,A,C,GASAL,2014/2015
72130046,SI2026,6,8,A,D,GASAL,2014/2015
72130046,PR2026,0,0,B,T,GASAL,2014/2015
72140018,MH1013,3,3,H,A-,GASAL,2014/2015
72140018,SI1016,6,7,A,A,GASAL,2014/2015
72140018,PR1016,0,0,A,T,GASAL,2014/2015
72140018,SI1026,6,6,A,A-,GASAL,2014/2015
72140018,SI1036,6,9,B,B-,GASAL,2014/2015
72140018,PR1036,0,0,B,T,GASAL,2014/2015
72140018,PR9100,0,0,A,A,GASAL,2014/2015
72130030,SI2026,6,8,A,C+,GASAL,2014/2015
72130030,PR2026,0,0,A,T,GASAL,2014/2015
72140019,MH1013,3,3,H,D,GASAL,2014/2015
72140019,SI1016,6,7,A,B,GASAL,2014/2015
72140019,PR1016,0,0,A,T,GASAL,2014/2015
72140019,SI1026,6,6,A,C+,GASAL,2014/2015
72140019,SI1036,6,9,B,E,GASAL,2014/2015
72140019,PR1036,0,0,B,T,GASAL,2014/2015
72140019,PR9100,0,0,A,E,GASAL,2014/2015
72140020,MH1013,3,3,H,D,GASAL,2014/2015
72140020,SI1016,6,7,A,D,GASAL,2014/2015
72140020,PR1016,0,0,A,T,GASAL,2014/2015
72140020,SI1026,6,6,A,C,GASAL,2014/2015
72140020,SI1036,6,9,B,D,GASAL,2014/2015
72140020,PR1036,0,0,B,T,GASAL,2014/2015
72140020,PR9100,0,0,A,C,GASAL,2014/2015
72130030,SI2016,6,6,A,B+,GASAL,2014/2015
72140021,MH1013,3,3,I,B,GASAL,2014/2015
72140021,SI1016,6,7,A,B-,GASAL,2014/2015
72140021,PR1016,0,0,A,T,GASAL,2014/2015
72140021,SI1026,6,6,A,D,GASAL,2014/2015
72140021,SI1036,6,9,B,E,GASAL,2014/2015
72140021,PR1036,0,0,B,T,GASAL,2014/2015
72140021,PR9100,0,0,A,D,GASAL,2014/2015
72130030,MH2013,3,3,A,B,GASAL,2014/2015
72140022,MH1013,3,3,I,E,GASAL,2014/2015
72140022,SI1016,6,7,A,E,GASAL,2014/2015
72140022,PR1016,0,0,A,T,GASAL,2014/2015
72140022,SI1026,6,6,A,D,GASAL,2014/2015
72140022,SI1036,6,9,B,E,GASAL,2014/2015
72140022,PR1036,0,0,B,T,GASAL,2014/2015
72140022,PR9100,0,0,A,E,GASAL,2014/2015
72140023,MH1013,3,3,J,A,GASAL,2014/2015
72140023,SI1016,6,7,A,A,GASAL,2014/2015
72140023,PR1016,0,0,B,T,GASAL,2014/2015
72140023,SI1026,6,6,A,B+,GASAL,2014/2015
72140023,SI1036,6,9,A,A,GASAL,2014/2015
72140023,PR1036,0,0,A,T,GASAL,2014/2015
72140023,PR9100,0,0,A,A,GASAL,2014/2015
72140024,MH1013,3,3,I,B,GASAL,2014/2015
72140024,SI1016,6,7,A,D,GASAL,2014/2015
72140024,PR1016,0,0,A,T,GASAL,2014/2015
72140024,SI1026,6,6,A,C+,GASAL,2014/2015
72140024,SI1036,6,9,B,E,GASAL,2014/2015
72140024,PR1036,0,0,B,T,GASAL,2014/2015
72140024,PR9100,0,0,A,E,GASAL,2014/2015
72140025,MH1013,3,3,I,A-,GASAL,2014/2015
72140025,SI1016,6,7,A,A,GASAL,2014/2015
72140025,PR1016,0,0,A,T,GASAL,2014/2015
72140025,SI1026,6,6,A,B,GASAL,2014/2015
72140025,SI1036,6,9,B,B-,GASAL,2014/2015
72140025,PR1036,0,0,B,T,GASAL,2014/2015
72140025,PR9100,0,0,A,B,GASAL,2014/2015
72140026,MH1013,3,3,I,D,GASAL,2014/2015
72140026,SI1016,6,7,A,E,GASAL,2014/2015
72140026,PR1016,0,0,A,T,GASAL,2014/2015
72140026,SI1026,6,6,A,E,GASAL,2014/2015
72140026,SI1036,6,9,B,E,GASAL,2014/2015
72140026,PR1036,0,0,B,T,GASAL,2014/2015
72140026,PR9100,0,0,A,E,GASAL,2014/2015
72140027,MH1013,3,3,I,A-,GASAL,2014/2015
72140027,SI1016,6,7,A,C,GASAL,2014/2015
72140027,PR1016,0,0,A,T,GASAL,2014/2015
72140027,SI1026,6,6,A,C+,GASAL,2014/2015
72140027,SI1036,6,9,B,C+,GASAL,2014/2015
72140027,PR1036,0,0,B,T,GASAL,2014/2015
72140027,PR9100,0,0,A,C,GASAL,2014/2015
72140028,MH1013,3,3,I,E,GASAL,2014/2015
72140028,SI1016,6,7,A,E,GASAL,2014/2015
72140028,PR1016,0,0,A,T,GASAL,2014/2015
72140028,SI1026,6,6,A,E,GASAL,2014/2015
72140028,SI1036,6,9,B,E,GASAL,2014/2015
72140028,PR1036,0,0,B,T,GASAL,2014/2015
72140028,PR9100,0,0,A,E,GASAL,2014/2015
72140029,MH1013,3,3,I,B,GASAL,2014/2015
72140029,SI1016,6,7,A,B+,GASAL,2014/2015
72140029,PR1016,0,0,A,T,GASAL,2014/2015
72140029,SI1026,6,6,A,B-,GASAL,2014/2015
72140029,SI1036,6,9,B,D,GASAL,2014/2015
72140029,PR1036,0,0,B,T,GASAL,2014/2015
72140029,PR9100,0,0,A,D,GASAL,2014/2015
72140030,MH1013,3,3,I,A-,GASAL,2014/2015
72140030,SI1016,6,7,A,D,GASAL,2014/2015
72140030,PR1016,0,0,A,T,GASAL,2014/2015
72140030,SI1026,6,6,A,E,GASAL,2014/2015
72140030,SI1036,6,9,B,E,GASAL,2014/2015
72140030,PR1036,0,0,B,T,GASAL,2014/2015
72140030,PR9100,0,0,A,E,GASAL,2014/2015
72140031,MH1013,3,3,I,D,GASAL,2014/2015
72140031,SI1016,6,7,A,E,GASAL,2014/2015
72140031,PR1016,0,0,A,T,GASAL,2014/2015
72140031,SI1026,6,6,A,D,GASAL,2014/2015
72140031,SI1036,6,9,B,E,GASAL,2014/2015
72140031,PR1036,0,0,B,T,GASAL,2014/2015
72140031,PR9100,0,0,A,E,GASAL,2014/2015
72140032,MH1013,3,3,I,A,GASAL,2014/2015
72140032,SI1016,6,7,A,C+,GASAL,2014/2015
72140032,PR1016,0,0,A,T,GASAL,2014/2015
72140032,SI1026,6,6,A,B,GASAL,2014/2015
72140032,SI1036,6,9,B,E,GASAL,2014/2015
72140032,PR1036,0,0,B,T,GASAL,2014/2015
72140032,PR9100,0,0,A,D,GASAL,2014/2015
72140033,MH1013,3,3,J,A,GASAL,2014/2015
72140033,SI1016,6,7,A,A,GASAL,2014/2015
72140033,PR1016,0,0,B,T,GASAL,2014/2015
72140033,SI1026,6,6,A,A,GASAL,2014/2015
72140033,SI1036,6,9,A,A,GASAL,2014/2015
72140033,PR1036,0,0,A,T,GASAL,2014/2015
72140033,PR9100,0,0,A,A,GASAL,2014/2015
72140034,MH1013,3,3,I,A,GASAL,2014/2015
72140034,SI1016,6,7,A,A,GASAL,2014/2015
72140034,PR1016,0,0,A,T,GASAL,2014/2015
72140034,SI1026,6,6,A,B+,GASAL,2014/2015
72140034,SI1036,6,9,B,A,GASAL,2014/2015
72140034,PR1036,0,0,B,T,GASAL,2014/2015
72140034,PR9100,0,0,A,B+,GASAL,2014/2015
72140035,MH1013,3,3,I,E,GASAL,2014/2015
72140035,SI1016,6,7,A,E,GASAL,2014/2015
72140035,PR1016,0,0,A,T,GASAL,2014/2015
72140035,SI1026,6,6,A,E,GASAL,2014/2015
72140035,SI1036,6,9,B,E,GASAL,2014/2015
72140035,PR1036,0,0,B,T,GASAL,2014/2015
72140035,PR9100,0,0,A,E,GASAL,2014/2015
72140036,MH1013,3,3,I,D,GASAL,2014/2015
72140036,SI1016,6,7,A,D,GASAL,2014/2015
72140036,PR1016,0,0,A,T,GASAL,2014/2015
72140036,SI1026,6,6,A,C+,GASAL,2014/2015
72140036,SI1036,6,9,B,D,GASAL,2014/2015
72140036,PR1036,0,0,B,T,GASAL,2014/2015
72140036,PR9100,0,0,A,D,GASAL,2014/2015
72140037,MH1013,3,3,I,C+,GASAL,2014/2015
72140037,SI1016,6,7,A,C,GASAL,2014/2015
72140037,PR1016,0,0,A,T,GASAL,2014/2015
72140037,SI1026,6,6,A,C,GASAL,2014/2015
72140037,SI1036,6,9,B,E,GASAL,2014/2015
72140037,PR1036,0,0,B,T,GASAL,2014/2015
72140037,PR9100,0,0,A,E,GASAL,2014/2015
72140038,MH1013,3,3,I,A,GASAL,2014/2015
72140038,SI1016,6,7,A,A-,GASAL,2014/2015
72140038,PR1016,0,0,A,T,GASAL,2014/2015
72140038,SI1026,6,6,A,B+,GASAL,2014/2015
72140038,SI1036,6,9,B,C+,GASAL,2014/2015
72140038,PR1036,0,0,B,T,GASAL,2014/2015
72140038,PR9100,0,0,A,C,GASAL,2014/2015
72140039,MH1013,3,3,I,A,GASAL,2014/2015
72140039,SI1016,6,7,A,C,GASAL,2014/2015
72140039,PR1016,0,0,A,T,GASAL,2014/2015
72140039,SI1026,6,6,A,B,GASAL,2014/2015
72140039,SI1036,6,9,B,C,GASAL,2014/2015
72140039,PR1036,0,0,B,T,GASAL,2014/2015
72140039,PR9100,0,0,A,D,GASAL,2014/2015
72140040,MH1013,3,3,I,C,GASAL,2014/2015
72140040,SI1016,6,7,A,C+,GASAL,2014/2015
72140040,PR1016,0,0,A,T,GASAL,2014/2015
72140040,SI1026,6,6,A,C,GASAL,2014/2015
72140040,SI1036,6,9,B,E,GASAL,2014/2015
72140040,PR1036,0,0,B,T,GASAL,2014/2015
72140040,PR9100,0,0,A,E,GASAL,2014/2015
72130032,MH2013,3,3,A,C+,GASAL,2014/2015
72130013,SI1036,6,9,A,C,GASAL,2014/2015
72130032,SI1043,3,3,A,C,GASAL,2014/2015
72130013,PR1036,0,0,A,T,GASAL,2014/2015
72140041,MH1013,3,3,J,A-,GASAL,2014/2015
72140041,SI1036,6,9,A,E,GASAL,2014/2015
72140041,PR1036,0,0,A,T,GASAL,2014/2015
72140041,PR9100,0,0,A,D,GASAL,2014/2015
72120031,SB3016,6,6,A,B,GASAL,2014/2015
72120031,SI1043,3,3,A,A-,GASAL,2014/2015
72120014,SI3026,6,7,A,B,GASAL,2014/2015
72120031,SI3016,6,8,A,A,GASAL,2014/2015
72120014,PR3026,0,0,B,T,GASAL,2014/2015
72120003,SI5303,3,3,A,A,GASAL,2014/2015
72120028,SI5303,3,3,A,A,GASAL,2014/2015
72120029,SI2073,3,5,A,C+,GASAL,2014/2015
72120016,SI3016,6,8,A,A,GASAL,2014/2015
72120031,PR3016,0,0,A,T,GASAL,2014/2015
72120014,SI3016,6,8,A,A,GASAL,2014/2015
72120035,SB3016,6,6,A,A,GASAL,2014/2015
72120014,PR3016,0,0,A,T,GASAL,2014/2015
72120029,SI1043,3,3,A,B+,GASAL,2014/2015
72120016,PR3016,0,0,A,T,GASAL,2014/2015
72120034,SI1043,3,3,A,B+,GASAL,2014/2015
72120006,SB3016,6,6,A,A,GASAL,2014/2015
72120014,SM3016,6,8,A,A,GASAL,2014/2015
72120035,SI3016,6,8,A,A,GASAL,2014/2015
72120031,SI3026,6,7,A,B+,GASAL,2014/2015
72120019,SB3016,6,6,A,B-,GASAL,2014/2015
72120034,SI2026,6,8,A,C+,GASAL,2014/2015
72120029,SI3016,6,8,A,A,GASAL,2014/2015
72120016,SI3026,6,7,A,B-,GASAL,2014/2015
72120014,SI5303,3,3,A,A-,GASAL,2014/2015
72120034,PR2026,0,0,B,T,GASAL,2014/2015
72120006,SI3016,6,8,A,A,GASAL,2014/2015
72120028,SI3026,6,7,A,B+,GASAL,2014/2015
72120016,PR3026,0,0,B,T,GASAL,2014/2015
72120007,SI2036,6,8,A,B,GASAL,2014/2015
72120028,PR3026,0,0,A,T,GASAL,2014/2015
72120041,SI3026,6,7,A,B-,GASAL,2014/2015
72120019,SI1043,3,3,A,A-,GASAL,2014/2015
72120029,PR3016,0,0,A,T,GASAL,2014/2015
72120031,PR3026,0,0,B,T,GASAL,2014/2015
72120035,PR3016,0,0,B,T,GASAL,2014/2015
72120014,MH5033,3,3,A,A-,GASAL,2014/2015
72120006,PR3016,0,0,A,T,GASAL,2014/2015
72120016,SM3016,6,8,A,B,GASAL,2014/2015
72120013,SI5303,3,3,A,A,GASAL,2014/2015
72120032,SI1043,3,3,A,A-,GASAL,2014/2015
72120041,PR3026,0,0,B,T,GASAL,2014/2015
72120033,SI1043,3,3,A,B-,GASAL,2014/2015
72120035,SI3026,6,7,A,B,GASAL,2014/2015
72120034,SI2073,3,5,A,C,GASAL,2014/2015
72120019,SI3016,6,8,A,A,GASAL,2014/2015
72120006,SI3026,6,7,A,A,GASAL,2014/2015
72120029,SI3026,6,7,A,B+,GASAL,2014/2015
72120029,PR3026,0,0,B,T,GASAL,2014/2015
72120016,SI2073,3,5,A,C,GASAL,2014/2015
72120006,PR3026,0,0,B,T,GASAL,2014/2015
72120036,SB3016,6,6,A,B+,GASAL,2014/2015
72120041,SI3016,6,8,A,B+,GASAL,2014/2015
72120013,SI3016,6,8,A,A,GASAL,2014/2015
72120034,PB5043,3,3,B,A-,GASAL,2014/2015
72120013,PR3016,0,0,A,T,GASAL,2014/2015
72120041,PR3016,0,0,A,T,GASAL,2014/2015
72120035,PR3026,0,0,B,T,GASAL,2014/2015
72120036,SI3016,6,8,A,A,GASAL,2014/2015
72120016,SI1043,3,3,A,B+,GASAL,2014/2015
72120019,PR3016,0,0,A,T,GASAL,2014/2015
72120028,SI3016,6,8,A,A,GASAL,2014/2015
72120003,SI4013,3,5,A,A,GASAL,2014/2015
72120036,PR3016,0,0,A,T,GASAL,2014/2015
72120003,SI3016,6,8,A,A,GASAL,2014/2015
72120041,SB3016,6,6,A,B+,GASAL,2014/2015
72120013,SB3016,6,6,A,A-,GASAL,2014/2015
72120009,SB3016,6,6,A,D,GASAL,2014/2015
72120033,SI2016,6,6,A,C,GASAL,2014/2015
72120032,SI3016,6,8,A,A,GASAL,2014/2015
72120035,SI3033,3,3,A,B+,GASAL,2014/2015
72120028,PR3016,0,0,A,T,GASAL,2014/2015
72120032,PR3016,0,0,A,T,GASAL,2014/2015
72120007,SI3016,6,8,A,A,GASAL,2014/2015
72120036,SI1043,3,3,A,A,GASAL,2014/2015
72120003,PR3016,0,0,A,T,GASAL,2014/2015
72120019,SI3026,6,7,A,B+,GASAL,2014/2015
72120025,PB5043,3,3,B,B+,GASAL,2014/2015
72120036,SI3026,6,7,A,A-,GASAL,2014/2015
72120019,PR3026,0,0,A,T,GASAL,2014/2015
72120035,SI4013,3,5,A,A-,GASAL,2014/2015
72120009,SI2036,6,8,A,E,GASAL,2014/2015
72120036,PR3026,0,0,B,T,GASAL,2014/2015
72120025,SI3016,6,8,A,A,GASAL,2014/2015
72120028,SB3016,6,6,A,B-,GASAL,2014/2015
72120033,SI2036,6,8,A,E,GASAL,2014/2015
72120025,PR3016,0,0,A,T,GASAL,2014/2015
72120009,SI3016,6,8,A,A-,GASAL,2014/2015
72120019,SI5303,3,3,A,B,GASAL,2014/2015
72120017,SI2036,6,8,A,B,GASAL,2014/2015
72120032,SI3026,6,7,A,C+,GASAL,2014/2015
72120009,PR3016,0,0,A,T,GASAL,2014/2015
72120025,SI3026,6,7,A,A,GASAL,2014/2015
72120025,PR3026,0,0,A,T,GASAL,2014/2015
72120032,PR3026,0,0,B,T,GASAL,2014/2015
72120033,SI2073,3,5,A,D,GASAL,2014/2015
72120017,SB3016,6,6,A,A,GASAL,2014/2015
72120007,PR3016,0,0,A,T,GASAL,2014/2015
72120003,SI3026,6,7,A,A-,GASAL,2014/2015
72120017,SI3016,6,8,A,A,GASAL,2014/2015
72120003,PR3026,0,0,A,T,GASAL,2014/2015
72120011,SI2073,3,5,A,B-,GASAL,2014/2015
72120003,SB3016,6,6,A,A-,GASAL,2014/2015
72120025,SM3016,6,8,A,A,GASAL,2014/2015
72120017,PR3016,0,0,A,T,GASAL,2014/2015
72120011,SI1043,3,3,A,B,GASAL,2014/2015
72120025,SI5303,3,3,A,A,GASAL,2014/2015
72120027,SI5303,3,3,A,A,GASAL,2014/2015
72120032,SB3016,6,6,A,B+,GASAL,2014/2015
72120027,SI3016,6,8,A,A,GASAL,2014/2015
72120027,PR3016,0,0,A,T,GASAL,2014/2015
72120017,SI3026,6,7,A,B-,GASAL,2014/2015
72120015,SI5303,3,3,A,A,GASAL,2014/2015
72120013,SI3026,6,7,A,A-,GASAL,2014/2015
72120027,SI3026,6,7,A,B+,GASAL,2014/2015
72120017,PR3026,0,0,B,T,GASAL,2014/2015
72120027,PR3026,0,0,A,T,GASAL,2014/2015
72120013,PR3026,0,0,A,T,GASAL,2014/2015
72120015,SI3026,6,7,A,A,GASAL,2014/2015
72120015,PR3026,0,0,A,T,GASAL,2014/2015
72120043,SB3016,6,6,A,C,GASAL,2014/2015
72120007,SI3026,6,7,A,B,GASAL,2014/2015
72120015,SI3016,6,8,A,A,GASAL,2014/2015
72120027,SB3016,6,6,A,B-,GASAL,2014/2015
72120042,MH5053,3,4,A,D,GASAL,2014/2015
72120015,PR3016,0,0,A,T,GASAL,2014/2015
72120004,SI3026,6,7,A,A-,GASAL,2014/2015
72120007,PR3026,0,0,B,T,GASAL,2014/2015
72120043,SI3016,6,8,A,A,GASAL,2014/2015
72120015,SB3016,6,6,A,B-,GASAL,2014/2015
72120004,PR3026,0,0,B,T,GASAL,2014/2015
72120037,SB3016,6,6,A,C+,GASAL,2014/2015
72120004,SB3016,6,6,A,A-,GASAL,2014/2015
72120033,PB5033,3,3,A,B,GASAL,2014/2015
72120004,SI3016,6,8,A,A,GASAL,2014/2015
72120004,PR3016,0,0,A,T,GASAL,2014/2015
72120043,PR3016,0,0,B,T,GASAL,2014/2015
72120041,SI1043,3,3,A,B,GASAL,2014/2015
72140041,SI1016,6,7,A,B,GASAL,2014/2015
72140041,PR1016,0,0,B,T,GASAL,2014/2015
72140041,SI1026,6,6,A,C,GASAL,2014/2015
72120043,SI3026,6,7,A,A-,GASAL,2014/2015
72120043,PR3026,0,0,B,T,GASAL,2014/2015
72120042,SI1036,6,9,A,E,GASAL,2014/2015
72120042,PR1036,0,0,A,T,GASAL,2014/2015
72120037,SI5303,3,3,A,A,GASAL,2014/2015
72120002,SI5303,3,3,A,A,GASAL,2014/2015
72120002,SB3016,6,6,A,B+,GASAL,2014/2015
72120002,SI3026,6,7,A,B+,GASAL,2014/2015
72120002,PR3026,0,0,A,T,GASAL,2014/2015
72120002,SI3016,6,8,A,A,GASAL,2014/2015
72120002,PR3016,0,0,A,T,GASAL,2014/2015
72120037,SI3026,6,7,A,B+,GASAL,2014/2015
72140042,MH1013,3,3,J,B+,GASAL,2014/2015
72140042,SI1036,6,9,A,E,GASAL,2014/2015
72140042,PR1036,0,0,A,T,GASAL,2014/2015
72140042,PR9100,0,0,A,C,GASAL,2014/2015
72140042,SI1016,6,7,A,E,GASAL,2014/2015
72140042,PR1016,0,0,B,T,GASAL,2014/2015
72140042,SI1026,6,6,A,B-,GASAL,2014/2015
72130041,SI2016,6,6,A,D,GASAL,2014/2015
72120037,PR3026,0,0,B,T,GASAL,2014/2015
72130041,SI2026,6,8,A,E,GASAL,2014/2015
72140043,MH1013,3,3,J,E,GASAL,2014/2015
72140043,SI1036,6,9,A,E,GASAL,2014/2015
72140043,PR1036,0,0,A,T,GASAL,2014/2015
72140043,PR9100,0,0,A,E,GASAL,2014/2015
72140043,SI1016,6,7,A,E,GASAL,2014/2015
72140043,PR1016,0,0,B,T,GASAL,2014/2015
72140043,SI1026,6,6,A,E,GASAL,2014/2015
72120037,SI3016,6,8,A,A,GASAL,2014/2015
72120037,PR3016,0,0,A,T,GASAL,2014/2015
72140044,MH1013,3,3,J,A-,GASAL,2014/2015
72140044,SI1036,6,9,A,C,GASAL,2014/2015
72140044,PR1036,0,0,A,T,GASAL,2014/2015
72140044,PR9100,0,0,A,C,GASAL,2014/2015
72140044,SI1016,6,7,A,B,GASAL,2014/2015
72140044,PR1016,0,0,B,T,GASAL,2014/2015
72140044,SI1026,6,6,A,C+,GASAL,2014/2015
72130041,PR2026,0,0,B,T,GASAL,2014/2015
72120038,SI1036,6,9,A,E,GASAL,2014/2015
72120038,PR1036,0,0,A,T,GASAL,2014/2015
72140045,MH1013,3,3,J,A-,GASAL,2014/2015
72140045,SI1036,6,9,A,A,GASAL,2014/2015
72140045,PR1036,0,0,A,T,GASAL,2014/2015
72140045,PR9100,0,0,A,A-,GASAL,2014/2015
72140045,SI1016,6,7,A,A-,GASAL,2014/2015
72140045,PR1016,0,0,B,T,GASAL,2014/2015
72140045,SI1026,6,6,A,B+,GASAL,2014/2015
72120034,SI3026,6,7,A,C+,GASAL,2014/2015
72120034,PR3026,0,0,B,T,GASAL,2014/2015
72120007,SB3016,6,6,A,A,GASAL,2014/2015
72120006,SI3073,3,3,A,A-,GASAL,2014/2015
72120043,SI3033,3,3,A,A-,GASAL,2014/2015
72120037,SI1043,3,3,A,B+,GASAL,2014/2015
72120029,SB3016,6,6,A,C+,GASAL,2014/2015
72120023,SI2036,6,8,A,C+,GASAL,2014/2015
72130032,SI1016,6,7,A,D,GASAL,2014/2015
72130032,PR1016,0,0,B,T,GASAL,2014/2015
72120023,SI2016,6,6,A,B-,GASAL,2014/2015
72120039,SI3016,6,8,A,A,GASAL,2014/2015
72120039,PR3016,0,0,A,T,GASAL,2014/2015
72120039,SI3026,6,7,A,A-,GASAL,2014/2015
72120039,PR3026,0,0,A,T,GASAL,2014/2015
72120039,SI4013,3,5,A,A-,GASAL,2014/2015
72120010,SI5303,3,3,A,A,GASAL,2014/2015
72120039,SB3016,6,6,A,A,GASAL,2014/2015
72120010,SI4013,3,5,A,A-,GASAL,2014/2015
72120039,SI5303,3,3,A,A,GASAL,2014/2015
72120010,SI3016,6,8,A,A,GASAL,2014/2015
72120010,PR3016,0,0,A,T,GASAL,2014/2015
72120008,SI3016,6,8,A,A,GASAL,2014/2015
72120010,SI3026,6,7,A,A,GASAL,2014/2015
72120012,SB3016,6,6,A,D,GASAL,2014/2015
72120001,SB3016,6,6,A,A-,GASAL,2014/2015
72120010,PR3026,0,0,A,T,GASAL,2014/2015
72120024,SB3016,6,6,A,A,GASAL,2014/2015
72120008,PR3016,0,0,A,T,GASAL,2014/2015
72120010,SB3016,6,6,A,A,GASAL,2014/2015
72120001,SI3016,6,8,A,A,GASAL,2014/2015
72120024,SI3016,6,8,A,A,GASAL,2014/2015
72120012,SI3016,6,8,A,A,GASAL,2014/2015
72120024,PR3016,0,0,A,T,GASAL,2014/2015
72120008,SI3026,6,7,A,A-,GASAL,2014/2015
72120024,SI3026,6,7,A,A,GASAL,2014/2015
72120008,PR3026,0,0,A,T,GASAL,2014/2015
72120012,PR3016,0,0,B,T,GASAL,2014/2015
72120024,PR3026,0,0,B,T,GASAL,2014/2015
72120001,PR3016,0,0,A,T,GASAL,2014/2015
72120008,SI4013,3,5,A,A,GASAL,2014/2015
72120001,SI3026,6,7,A,A,GASAL,2014/2015
72120001,PR3026,0,0,B,T,GASAL,2014/2015
72120012,SI3033,3,3,A,B+,GASAL,2014/2015
72120008,SI3073,3,3,A,A,GASAL,2014/2015
72120008,SM3016,6,8,A,A,GASAL,2014/2015
72120012,SI3026,6,7,A,C+,GASAL,2014/2015
72120012,PR3026,0,0,B,T,GASAL,2014/2015
72130041,SI1036,6,9,A,E,GASAL,2014/2015
72130041,PR1036,0,0,A,T,GASAL,2014/2015
72120024,SI3073,3,3,A,A-,GASAL,2014/2015
72120012,SI2073,3,5,A,C,GASAL,2014/2015
72120075,SI3016,6,8,A,A,GASAL,2014/2015
72120072,SI3016,6,8,A,A,GASAL,2014/2015
72120064,SI3016,6,8,A,A,GASAL,2014/2015
72120072,PR3016,0,0,A,T,GASAL,2014/2015
72120075,PR3016,0,0,A,T,GASAL,2014/2015
72120064,PR3016,0,0,A,T,GASAL,2014/2015
72120066,SI3016,6,8,A,A,GASAL,2014/2015
72120057,SM3016,6,8,A,A,GASAL,2014/2015
72120066,PR3016,0,0,A,T,GASAL,2014/2015
72120067,SI3016,6,8,A,A,GASAL,2014/2015
72120064,SI3026,6,7,A,B,GASAL,2014/2015
72120075,SB3016,6,6,A,A,GASAL,2014/2015
72120067,PR3016,0,0,A,T,GASAL,2014/2015
72120064,PR3026,0,0,A,T,GASAL,2014/2015
72120066,SI3026,6,7,A,A,GASAL,2014/2015
72120067,SI3026,6,7,A,B+,GASAL,2014/2015
72120066,PR3026,0,0,A,T,GASAL,2014/2015
72120075,SI3026,6,7,A,A,GASAL,2014/2015
72120067,PR3026,0,0,A,T,GASAL,2014/2015
72120075,PR3026,0,0,B,T,GASAL,2014/2015
72120071,SB3016,6,6,A,A-,GASAL,2014/2015
72120057,PB5043,3,3,B,C+,GASAL,2014/2015
72120067,SB3016,6,6,A,A,GASAL,2014/2015
72120066,SI5303,3,3,A,A,GASAL,2014/2015
72120071,SI3016,6,8,A,A,GASAL,2014/2015
72120057,SI3016,6,8,A,A,GASAL,2014/2015
72120067,SI5303,3,3,A,A,GASAL,2014/2015
72120072,SB3016,6,6,A,A,GASAL,2014/2015
72120071,PR3016,0,0,A,T,GASAL,2014/2015
72120066,SB3016,6,6,A,A,GASAL,2014/2015
72120044,MH5013,3,4,A,B,GASAL,2014/2015
72120067,SI4013,3,5,A,A-,GASAL,2014/2015
72120064,SB3016,6,6,A,B+,GASAL,2014/2015
72120071,SI3026,6,7,A,B,GASAL,2014/2015
72120068,SI3026,6,7,A,B,GASAL,2014/2015
72120060,SI3026,6,7,A,B,GASAL,2014/2015
72120066,SI4013,3,5,A,A,GASAL,2014/2015
72120071,PR3026,0,0,A,T,GASAL,2014/2015
72120057,PR3016,0,0,A,T,GASAL,2014/2015
72120072,MH5033,3,3,A,A,GASAL,2014/2015
72120075,SI3073,3,3,A,A,GASAL,2014/2015
72120068,PR3026,0,0,A,T,GASAL,2014/2015
72120044,SI2036,6,8,A,B-,GASAL,2014/2015
72120071,SI4013,3,5,A,B-,GASAL,2014/2015
72120060,PR3026,0,0,A,T,GASAL,2014/2015
72120064,SI3033,3,3,A,A-,GASAL,2014/2015
72120057,SI3026,6,7,A,A-,GASAL,2014/2015
72120068,SI3016,6,8,A,A,GASAL,2014/2015
72120068,PR3016,0,0,A,T,GASAL,2014/2015
72120046,SI2036,6,8,A,B-,GASAL,2014/2015
72120057,PR3026,0,0,A,T,GASAL,2014/2015
72120069,SI2036,6,8,A,E,GASAL,2014/2015
72120080,SI2073,3,5,A,B-,GASAL,2014/2015
72120086,SB3016,6,6,A,B,GASAL,2014/2015
72120057,SI5303,3,3,A,A,GASAL,2014/2015
72120060,SI3016,6,8,A,A,GASAL,2014/2015
72120080,SI1043,3,3,A,B,GASAL,2014/2015
72120046,SI1043,3,3,A,B+,GASAL,2014/2015
72120072,SI3026,6,7,A,B+,GASAL,2014/2015
72120072,PR3026,0,0,B,T,GASAL,2014/2015
72120068,SI4013,3,5,A,B,GASAL,2014/2015
72120086,SI3033,3,3,A,A,GASAL,2014/2015
72120050,SI3026,6,7,A,B,GASAL,2014/2015
72120069,SI2026,6,8,A,D,GASAL,2014/2015
72120050,PR3026,0,0,A,T,GASAL,2014/2015
72120044,SB3016,6,6,A,B,GASAL,2014/2015
72120069,PR2026,0,0,B,T,GASAL,2014/2015
72120060,PR3016,0,0,B,T,GASAL,2014/2015
72120050,SI3016,6,8,A,A,GASAL,2014/2015
72120051,MH5053,3,4,A,C+,GASAL,2014/2015
72120051,MH5033,3,3,A,A,GASAL,2014/2015
72120068,SB3016,6,6,A,B+,GASAL,2014/2015
72120086,SI3026,6,7,A,B-,GASAL,2014/2015
72120086,PR3026,0,0,A,T,GASAL,2014/2015
72120051,SI2036,6,8,A,C,GASAL,2014/2015
72120050,PR3016,0,0,B,T,GASAL,2014/2015
72120050,SB3016,6,6,A,C,GASAL,2014/2015
72120086,SI3016,6,8,A,A,GASAL,2014/2015
72120046,SI2073,3,5,A,B-,GASAL,2014/2015
72120068,SI3073,3,3,A,A-,GASAL,2014/2015
72120060,SI3033,3,3,A,A,GASAL,2014/2015
72120077,SI3026,6,7,A,B,GASAL,2014/2015
72120060,SB3016,6,6,A,B+,GASAL,2014/2015
72120077,PR3026,0,0,B,T,GASAL,2014/2015
72120074,SI1036,6,9,A,E,GASAL,2014/2015
72120044,SI3016,6,8,A,A,GASAL,2014/2015
72120086,PR3016,0,0,A,T,GASAL,2014/2015
72120077,SI3016,6,8,A,A,GASAL,2014/2015
72120056,SI2026,6,8,A,E,GASAL,2014/2015
72120044,PR3016,0,0,B,T,GASAL,2014/2015
72120056,PR2026,0,0,B,T,GASAL,2014/2015
72120056,SI2073,3,5,A,E,GASAL,2014/2015
72120077,PR3016,0,0,B,T,GASAL,2014/2015
72120074,PR1036,0,0,A,T,GASAL,2014/2015
72120071,SI3073,3,3,A,A-,GASAL,2014/2015
72120054,SI2036,6,8,A,C,GASAL,2014/2015
72120077,SB3016,6,6,A,B,GASAL,2014/2015
72120054,SI2026,6,8,A,E,GASAL,2014/2015
72120054,PR2026,0,0,B,T,GASAL,2014/2015
72120050,SI3033,3,3,A,A,GASAL,2014/2015
72120058,MH2013,3,3,A,B+,GASAL,2014/2015
72120064,SI3073,3,3,A,A,GASAL,2014/2015
72120046,MH5053,3,4,A,A,GASAL,2014/2015
72120056,MH5053,3,4,A,D,GASAL,2014/2015
72120058,MH5053,3,4,A,A,GASAL,2014/2015
72120058,SI2026,6,8,A,B+,GASAL,2014/2015
72120077,SI3033,3,3,A,A-,GASAL,2014/2015
72120058,PR2026,0,0,B,T,GASAL,2014/2015
72120045,MH2013,3,3,A,B+,GASAL,2014/2015
72120045,MH5053,3,4,A,A,GASAL,2014/2015
72120058,SI1043,3,3,A,B,GASAL,2014/2015
72120045,SI2026,6,8,A,A-,GASAL,2014/2015
72120045,PR2026,0,0,B,T,GASAL,2014/2015
72120052,SI2026,6,8,A,C,GASAL,2014/2015
72120052,PR2026,0,0,B,T,GASAL,2014/2015
72120050,MH5023,3,3,A,A,GASAL,2014/2015
72120060,MH5023,3,3,A,A,GASAL,2014/2015
72120071,SI5303,3,3,A,A,GASAL,2014/2015
72120045,SI2036,6,8,A,C,GASAL,2014/2015
72120051,SI1043,3,3,A,B,GASAL,2014/2015
72120074,SI2036,6,8,A,E,GASAL,2014/2015
72120054,SI2016,6,6,A,C+,GASAL,2014/2015
72120069,SI2016,6,6,A,B-,GASAL,2014/2015
72120052,MH2013,3,3,A,D,GASAL,2014/2015
72120046,SI3016,6,8,A,A,GASAL,2014/2015
72120046,PR3016,0,0,B,T,GASAL,2014/2015
72120075,SI4013,3,5,A,A,GASAL,2014/2015
72120058,SI2036,6,8,A,C,GASAL,2014/2015
72120045,SI1043,3,3,A,B,GASAL,2014/2015
72120052,SI1043,3,3,A,C+,GASAL,2014/2015
72120074,SI1016,6,7,A,D,GASAL,2014/2015
72120074,PR1016,0,0,B,T,GASAL,2014/2015
72110004,SI4023,3,3,A,E,GASAL,2014/2015
72110005,SI4023,3,3,A,A-,GASAL,2014/2015
72110006,SI4023,3,3,A,A-,GASAL,2014/2015
72110007,SI4023,3,3,A,A,GASAL,2014/2015
72110010,SI4023,3,3,A,E,GASAL,2014/2015
72110011,SI4023,3,3,A,E,GASAL,2014/2015
72110012,SI4023,3,3,A,A,GASAL,2014/2015
72110015,SI4023,3,3,A,B-,GASAL,2014/2015
72110016,SI4023,3,3,A,E,GASAL,2014/2015
72110018,SI4023,3,3,A,B+,GASAL,2014/2015
72110019,SI4023,3,3,A,E,GASAL,2014/2015
72110021,SI4023,3,3,A,A,GASAL,2014/2015
72110022,SI4023,3,3,A,E,GASAL,2014/2015
72110023,SI4023,3,3,A,E,GASAL,2014/2015
72110025,SI4023,3,3,A,E,GASAL,2014/2015
72110026,SI4023,3,3,A,A,GASAL,2014/2015
72110027,SI4023,3,3,A,E,GASAL,2014/2015
72110030,SI4023,3,3,A,B+,GASAL,2014/2015
72110033,SI4023,3,3,A,A-,GASAL,2014/2015
72110036,SI4023,3,3,A,A,GASAL,2014/2015
72110037,SI4023,3,3,A,E,GASAL,2014/2015
72110038,SI4023,3,3,A,E,GASAL,2014/2015
72110041,SI4023,3,3,A,E,GASAL,2014/2015
72110048,SI4023,3,3,A,E,GASAL,2014/2015
72110051,SI4023,3,3,A,B+,GASAL,2014/2015
72110055,SI4023,3,3,A,E,GASAL,2014/2015
72110057,SI4023,3,3,A,B,GASAL,2014/2015
72110063,SI4023,3,3,A,E,GASAL,2014/2015
72110065,SI4023,3,3,A,E,GASAL,2014/2015
72110066,SI4023,3,3,A,E,GASAL,2014/2015
72110068,SI4023,3,3,A,B,GASAL,2014/2015
23100546,SI4023,3,3,A,E,GASAL,2014/2015
23100557,SI4023,3,3,A,A,GASAL,2014/2015
23100559,SI4023,3,3,A,E,GASAL,2014/2015
23100564,SI4023,3,3,A,E,GASAL,2014/2015
23100573,SI4023,3,3,A,E,GASAL,2014/2015
23100576,SI4023,3,3,A,C+,GASAL,2014/2015
23100587,SI4023,3,3,A,E,GASAL,2014/2015
23100592,SI4023,3,3,A,B+,GASAL,2014/2015
23100593,SI4023,3,3,A,E,GASAL,2014/2015
23100601,SI4023,3,3,A,E,GASAL,2014/2015
23100605,SI4023,3,3,A,C+,GASAL,2014/2015
23100606,SI4023,3,3,A,B+,GASAL,2014/2015
23100607,SI4023,3,3,A,E,GASAL,2014/2015
23100609,SI4023,3,3,A,B+,GASAL,2014/2015
72110021,SI4013,3,5,A,C+,GASAL,2014/2015
72110021,SI4033,3,3,A,B+,GASAL,2014/2015
72110036,SI4033,3,3,A,B,GASAL,2014/2015
72110014,MH3013,3,3,H,B,GASAL,2014/2015
72110036,SI5303,3,3,A,B,GASAL,2014/2015
72110016,SI4033,3,3,A,B+,GASAL,2014/2015
72110014,SI4013,3,5,A,E,GASAL,2014/2015
72110013,SI2026,6,8,A,B,GASAL,2014/2015
72110016,SI5303,3,3,A,A-,GASAL,2014/2015
72110013,PR2026,0,0,A,T,GASAL,2014/2015
72110011,SI4033,3,3,A,B,GASAL,2014/2015
72110023,MH3013,3,3,H,B,GASAL,2014/2015
72110030,SI4046,6,0,A,T,GASAL,2014/2015
72110006,SI4033,3,3,A,A-,GASAL,2014/2015
72110004,SI4033,3,3,A,B-,GASAL,2014/2015
72110022,SM3016,6,8,A,B-,GASAL,2014/2015
72110014,SI3016,6,8,A,A,GASAL,2014/2015
72110015,SI5303,3,3,A,A,GASAL,2014/2015
72110013,SI5303,3,3,A,B,GASAL,2014/2015
72110027,SI4033,3,3,A,B,GASAL,2014/2015
72110007,SI4033,3,3,A,C+,GASAL,2014/2015
72110011,SI5283,3,3,A,B+,GASAL,2014/2015
72110023,MH5013,3,4,A,B-,GASAL,2014/2015
72110035,SI3016,6,8,A,A,GASAL,2014/2015
72110027,SI5303,3,3,A,A-,GASAL,2014/2015
72110015,MH1063,3,3,C,A,GASAL,2014/2015
72110022,SI4013,3,5,A,B+,GASAL,2014/2015
72110004,SI5303,3,3,A,B+,GASAL,2014/2015
72110014,PR3016,0,0,B,T,GASAL,2014/2015
72110023,MH5023,3,3,A,A-,GASAL,2014/2015
72110013,SI4033,3,3,A,B,GASAL,2014/2015
72110015,SI1043,3,3,A,B+,GASAL,2014/2015
72110024,MH3013,3,3,H,C,GASAL,2014/2015
72110014,SI3026,6,7,A,B-,GASAL,2014/2015
72110035,PR3016,0,0,B,T,GASAL,2014/2015
72110022,SI4033,3,3,A,C,GASAL,2014/2015
72110023,SI4033,3,3,A,B-,GASAL,2014/2015
72110014,PR3026,0,0,B,T,GASAL,2014/2015
72110015,MH3013,3,3,H,B,GASAL,2014/2015
72110005,SI4033,3,3,A,B+,GASAL,2014/2015
72110033,SI4033,3,3,A,A,GASAL,2014/2015
72110024,SI4033,3,3,A,B-,GASAL,2014/2015
72110035,SI3026,6,7,A,B-,GASAL,2014/2015
72110015,SI4033,3,3,A,B,GASAL,2014/2015
72110023,SI5303,3,3,A,A,GASAL,2014/2015
72110013,PB5043,3,3,B,A-,GASAL,2014/2015
72110022,SI3016,6,8,A,A,GASAL,2014/2015
72110014,SI3073,3,3,A,A,GASAL,2014/2015
72110026,MH3013,3,3,H,C+,GASAL,2014/2015
72110013,MH3013,3,3,H,B,GASAL,2014/2015
72110024,SI2026,6,8,A,D,GASAL,2014/2015
72110026,SI1043,3,3,A,B+,GASAL,2014/2015
72110035,PR3026,0,0,B,T,GASAL,2014/2015
72110022,PR3016,0,0,B,T,GASAL,2014/2015
72110026,SI4033,3,3,A,B-,GASAL,2014/2015
72110020,SM3016,6,8,A,B,GASAL,2014/2015
72110035,SI4013,3,5,A,B+,GASAL,2014/2015
72110020,SI4033,3,3,A,B,GASAL,2014/2015
72110020,SI2036,6,8,A,A,GASAL,2014/2015
72110025,MH3013,3,3,H,C,GASAL,2014/2015
72110020,PB5033,3,3,A,A-,GASAL,2014/2015
72110035,SI5283,3,3,A,B-,GASAL,2014/2015
72110020,MH5013,3,4,A,D,GASAL,2014/2015
72110024,PR2026,0,0,B,T,GASAL,2014/2015
72110024,MH5013,3,4,A,B,GASAL,2014/2015
72110026,MH5033,3,3,A,A-,GASAL,2014/2015
72110015,MH5053,3,4,A,A,GASAL,2014/2015
72110038,SI4033,3,3,A,B+,GASAL,2014/2015
72110035,MH5013,3,4,A,B-,GASAL,2014/2015
72110025,MH5013,3,4,A,C+,GASAL,2014/2015
72110037,SI4033,3,3,A,B,GASAL,2014/2015
72110014,MH5023,3,3,A,A-,GASAL,2014/2015
72110025,SB3016,6,6,A,C+,GASAL,2014/2015
72110008,SI2036,6,8,A,E,GASAL,2014/2015
72110019,SI4033,3,3,A,B,GASAL,2014/2015
72110037,SI4013,3,5,A,B+,GASAL,2014/2015
72110008,SI1016,6,7,A,D,GASAL,2014/2015
72110037,SI5303,3,3,A,A-,GASAL,2014/2015
72110008,PR1016,0,0,B,T,GASAL,2014/2015
72110019,SI2016,6,6,A,B-,GASAL,2014/2015
72110024,SI3033,3,3,A,E,GASAL,2014/2015
72110019,MH3013,3,3,H,B+,GASAL,2014/2015
72110019,SI5283,3,3,A,B+,GASAL,2014/2015
72110008,MH5053,3,4,A,D,GASAL,2014/2015
72110035,SI3073,3,3,A,A-,GASAL,2014/2015
72110018,MH3013,3,3,H,A-,GASAL,2014/2015
72110018,MH5053,3,4,A,A,GASAL,2014/2015
72110031,PB5033,3,3,A,A,GASAL,2014/2015
72110018,SI2026,6,8,A,B,GASAL,2014/2015
72110031,MH1063,3,3,C,B,GASAL,2014/2015
72110031,MH3013,3,3,H,B-,GASAL,2014/2015
72110018,PR2026,0,0,A,T,GASAL,2014/2015
72110031,SI4033,3,3,A,B+,GASAL,2014/2015
72110018,SI4033,3,3,A,B-,GASAL,2014/2015
72110025,SI4033,3,3,A,B,GASAL,2014/2015
72110031,SI5303,3,3,A,B+,GASAL,2014/2015
72110025,SI5303,3,3,A,C,GASAL,2014/2015
72110031,SI3073,3,3,A,A,GASAL,2014/2015
72110010,SI4033,3,3,A,B,GASAL,2014/2015
72110010,SI2026,6,8,A,B,GASAL,2014/2015
72110010,PR2026,0,0,A,T,GASAL,2014/2015
72110010,SI4013,3,5,A,B,GASAL,2014/2015
23090464,SI4023,3,3,A,E,GASAL,2014/2015
23090488,SI4023,3,3,A,E,GASAL,2014/2015
23090496,SI4023,3,3,A,E,GASAL,2014/2015
23090513,SI4023,3,3,A,A-,GASAL,2014/2015
23090514,SI4023,3,3,A,E,GASAL,2014/2015
23090515,SI4023,3,3,A,A-,GASAL,2014/2015
23090519,SI4023,3,3,A,E,GASAL,2014/2015
23090522,SI4023,3,3,A,E,GASAL,2014/2015
72120079,MH5053,3,4,A,D,GASAL,2014/2015
72120079,SI1043,3,3,A,B,GASAL,2014/2015
72120079,SI2026,6,8,A,E,GASAL,2014/2015
72120079,PR2026,0,0,B,T,GASAL,2014/2015
72120079,SI2036,6,8,A,E,GASAL,2014/2015
72120062,SI1043,3,3,A,C+,GASAL,2014/2015
72120062,SI2016,6,6,A,E,GASAL,2014/2015
72110048,SI2016,6,6,A,B+,GASAL,2014/2015
72110066,SI5303,3,3,A,A,GASAL,2014/2015
72110051,MH3013,3,3,H,B+,GASAL,2014/2015
72110048,SI4033,3,3,A,B-,GASAL,2014/2015
72110051,PB5033,3,3,A,A-,GASAL,2014/2015
72110048,SI5283,3,3,A,B+,GASAL,2014/2015
72110066,MH3013,3,3,H,B+,GASAL,2014/2015
72110051,SB3016,6,6,A,A-,GASAL,2014/2015
72110076,MH3013,3,3,H,C,GASAL,2014/2015
72110066,PB5033,3,3,A,A,GASAL,2014/2015
72110043,SI2036,6,8,A,E,GASAL,2014/2015
72110066,SI3073,3,3,A,A,GASAL,2014/2015
72110072,SM3016,6,8,A,D,GASAL,2014/2015
72110043,SI3016,6,8,A,A,GASAL,2014/2015
72110057,SI1043,3,3,A,B,GASAL,2014/2015
72110066,SI4033,3,3,A,B,GASAL,2014/2015
72110072,SI3026,6,7,A,D,GASAL,2014/2015
72110076,SI3026,6,7,A,C+,GASAL,2014/2015
72110043,PR3016,0,0,B,T,GASAL,2014/2015
72110043,SI2016,6,6,A,D,GASAL,2014/2015
72110050,SI1016,6,7,A,E,GASAL,2014/2015
72110072,PR3026,0,0,B,T,GASAL,2014/2015
23070216,SI4023,3,3,A,B+,GASAL,2014/2015
23080304,SI4023,3,3,A,E,GASAL,2014/2015
23080309,SI4023,3,3,A,E,GASAL,2014/2015
23080310,SI4023,3,3,A,E,GASAL,2014/2015
23080318,SI4023,3,3,A,E,GASAL,2014/2015
23080352,SI4023,3,3,A,E,GASAL,2014/2015
23080378,SI4023,3,3,A,E,GASAL,2014/2015
23080390,SI4023,3,3,A,B+,GASAL,2014/2015
23080400,SI4023,3,3,A,E,GASAL,2014/2015
23080429,SI4023,3,3,A,E,GASAL,2014/2015
72110063,MH5013,3,4,A,A-,GASAL,2014/2015
72110057,SI2016,6,6,A,B,GASAL,2014/2015
72110057,SI2073,3,5,A,B-,GASAL,2014/2015
72110079,SI2026,6,8,A,B-,GASAL,2014/2015
72110063,SI4033,3,3,A,C,GASAL,2014/2015
72110040,SI2026,6,8,A,E,GASAL,2014/2015
72110072,SI2073,3,5,A,B,GASAL,2014/2015
72110079,PR2026,0,0,B,T,GASAL,2014/2015
72110063,SI5283,3,3,A,B-,GASAL,2014/2015
72110072,SI3016,6,8,A,B+,GASAL,2014/2015
72110057,SI4033,3,3,A,C+,GASAL,2014/2015
72110079,SI2016,6,6,A,B,GASAL,2014/2015
72110041,SI4033,3,3,A,A-,GASAL,2014/2015
72110044,SI2026,6,8,A,C,GASAL,2014/2015
72110076,PR3026,0,0,B,T,GASAL,2014/2015
72110072,PR3016,0,0,B,T,GASAL,2014/2015
72110040,PR2026,0,0,B,T,GASAL,2014/2015
72110044,PR2026,0,0,B,T,GASAL,2014/2015
72110051,SI3026,6,7,A,B,GASAL,2014/2015
72110051,PR3026,0,0,A,T,GASAL,2014/2015
72110039,MH5053,3,4,A,C,GASAL,2014/2015
72110041,SI4046,6,0,A,T,GASAL,2014/2015
72110040,SI2073,3,5,A,D,GASAL,2014/2015
72110076,SI3016,6,8,A,B,GASAL,2014/2015
72110044,SI3026,6,7,A,D,GASAL,2014/2015
72110062,SI1036,6,9,A,B,GASAL,2014/2015
72110044,PR3026,0,0,B,T,GASAL,2014/2015
72110076,PR3016,0,0,B,T,GASAL,2014/2015
72110062,PR1036,0,0,A,T,GASAL,2014/2015
72110050,PR1016,0,0,B,T,GASAL,2014/2015
72110039,SI1036,6,9,A,C,GASAL,2014/2015
72110076,SI3073,3,3,A,E,GASAL,2014/2015
72110055,SI4013,3,5,A,C+,GASAL,2014/2015
72110062,SI1016,6,7,A,B+,GASAL,2014/2015
72110062,PR1016,0,0,B,T,GASAL,2014/2015
72110055,SI4033,3,3,A,B,GASAL,2014/2015
72110039,PR1036,0,0,A,T,GASAL,2014/2015
72110060,SI4013,3,5,A,D,GASAL,2014/2015
72110079,SI2036,6,8,A,C+,GASAL,2014/2015
72110074,SI3016,6,8,A,A,GASAL,2014/2015
72110074,PR3016,0,0,B,T,GASAL,2014/2015
72110074,SI3026,6,7,A,B,GASAL,2014/2015
72110074,PR3026,0,0,A,T,GASAL,2014/2015
72110050,SI1036,6,9,A,D,GASAL,2014/2015
72110050,PR1036,0,0,A,T,GASAL,2014/2015
72110074,SM3016,6,8,A,B+,GASAL,2014/2015
72110039,SI2026,6,8,A,E,GASAL,2014/2015
72110039,PR2026,0,0,B,T,GASAL,2014/2015
72110060,SI3033,3,3,A,A,GASAL,2014/2015
72110062,SI2036,6,8,A,C,GASAL,2014/2015
72110080,MH5033,3,3,A,F,GASAL,2014/2015
72110068,SI4033,3,3,A,B-,GASAL,2014/2015
72110068,MH3013,3,3,H,B-,GASAL,2014/2015
72120083,SI2026,6,8,A,E,GASAL,2014/2015
72120083,PR2026,0,0,B,T,GASAL,2014/2015
72110068,MH5013,3,4,A,B-,GASAL,2014/2015
72110044,SI2036,6,8,A,C,GASAL,2014/2015
72120083,MH2013,3,3,A,E,GASAL,2014/2015
72110068,SI2016,6,6,A,B-,GASAL,2014/2015
72120083,SI1043,3,3,A,E,GASAL,2014/2015
72110040,SI2016,6,6,A,E,GASAL,2014/2015
72110076,SI2016,6,6,A,C,GASAL,2014/2015
72110075,MH5013,3,4,A,B+,GASAL,2014/2015
72110075,SI5283,3,3,A,B-,GASAL,2014/2015
72110075,SI4013,3,5,A,B,GASAL,2014/2015
72110075,SI4033,3,3,A,B-,GASAL,2014/2015
72110060,MH1063,3,3,C,A,GASAL,2014/2015
72110075,SI4023,3,3,A,E,GASAL,2014/2015
72110060,SI3026,6,7,A,C+,GASAL,2014/2015
72110060,PR3026,0,0,A,T,GASAL,2014/2015
72110062,MH5053,3,4,A,A-,GASAL,2014/2015
72120023,SI2026,6,8,A,C,GASAL,2014/2015
72120023,PR2026,0,0,B,T,GASAL,2014/2015
23100559,SI4046,6,0,A,T,GASAL,2014/2015
23100531,SI4046,6,0,A,T,GASAL,2014/2015
23100549,SI4046,6,0,A,T,GASAL,2014/2015
23100555,SI4046,6,0,A,T,GASAL,2014/2015
23100554,SI4046,6,0,A,T,GASAL,2014/2015
23100563,SI4046,6,0,A,T,GASAL,2014/2015
23100529,SI4046,6,0,A,T,GASAL,2014/2015
23100557,SI4046,6,0,A,T,GASAL,2014/2015
23100546,SI4046,6,0,A,T,GASAL,2014/2015
23100548,SI4046,6,0,A,T,GASAL,2014/2015
23100556,SI4046,6,0,A,T,GASAL,2014/2015
23100542,SI0001,0,0,A,T,GASAL,2014/2015
23100562,SI0001,0,0,A,T,GASAL,2014/2015
23100564,SI4046,6,0,A,T,GASAL,2014/2015
23100550,SI0001,0,0,A,T,GASAL,2014/2015
23100552,SI0001,0,0,A,T,GASAL,2014/2015
23100537,SI4046,6,0,A,T,GASAL,2014/2015
23100553,SI4046,6,0,A,T,GASAL,2014/2015
23100551,SI4046,6,0,A,T,GASAL,2014/2015
23100532,SI3073,3,3,A,A-,GASAL,2014/2015
23100532,SI2073,3,5,A,D,GASAL,2014/2015
23100533,SI4046,6,0,A,T,GASAL,2014/2015
23100539,SI4046,6,0,A,T,GASAL,2014/2015
23100558,SI4046,6,0,A,T,GASAL,2014/2015
23100543,SI3026,6,7,A,B+,GASAL,2014/2015
23100543,PR3026,0,0,A,T,GASAL,2014/2015
23100609,SI1016,6,7,A,B+,GASAL,2014/2015
23100595,SI4046,6,0,A,T,GASAL,2014/2015
23100593,SI1043,3,3,A,A-,GASAL,2014/2015
23100577,SI4046,6,0,A,T,GASAL,2014/2015
23100607,MH3013,3,3,H,B+,GASAL,2014/2015
23100593,SI4046,6,0,A,T,GASAL,2014/2015
23100590,SI4046,6,0,A,T,GASAL,2014/2015
23100600,SI4046,6,0,A,T,GASAL,2014/2015
23100592,SI1043,3,3,A,A-,GASAL,2014/2015
23100607,SI5303,3,3,A,B+,GASAL,2014/2015
23100605,SI4046,6,0,A,T,GASAL,2014/2015
23100572,SI1016,6,7,A,A-,GASAL,2014/2015
23100577,SI1016,6,7,A,A-,GASAL,2014/2015
23100570,SI0001,0,0,A,T,GASAL,2014/2015
23100572,PR1016,0,0,B,T,GASAL,2014/2015
23100577,PR1016,0,0,B,T,GASAL,2014/2015
23100592,MH3013,3,3,H,B,GASAL,2014/2015
23100606,SI1043,3,3,A,A-,GASAL,2014/2015
23100609,PR1016,0,0,B,T,GASAL,2014/2015
23100572,SI5283,3,3,A,B,GASAL,2014/2015
23100573,SI5283,3,3,A,B-,GASAL,2014/2015
23100597,SI4046,6,0,A,T,GASAL,2014/2015
23100580,SI4046,6,0,A,T,GASAL,2014/2015
23100594,SI4046,6,0,A,T,GASAL,2014/2015
23100608,SI2016,6,6,A,E,GASAL,2014/2015
23100579,SI4046,6,0,A,T,GASAL,2014/2015
23100606,SI5283,3,3,A,B,GASAL,2014/2015
23100572,SI4046,6,0,A,T,GASAL,2014/2015
23100605,MH3013,3,3,H,B,GASAL,2014/2015
23100567,SI0000,0,0,A,T,GASAL,2014/2015
23100606,SI4046,6,0,A,T,GASAL,2014/2015
23100608,SI2073,3,5,A,B,GASAL,2014/2015
23100591,SI4046,6,0,A,T,GASAL,2014/2015
23100587,MH3013,3,3,H,B,GASAL,2014/2015
23100568,SI1016,6,7,A,D,GASAL,2014/2015
23100587,SI5303,3,3,A,A-,GASAL,2014/2015
23100588,SI0001,0,0,A,T,GASAL,2014/2015
23100597,SI1036,6,9,A,A,GASAL,2014/2015
23100597,PR1036,0,0,A,T,GASAL,2014/2015
23100568,PR1016,0,0,B,T,GASAL,2014/2015
23100568,SI4046,6,0,A,T,GASAL,2014/2015
23100602,SI4046,6,0,A,T,GASAL,2014/2015
23100608,MH5013,3,4,A,E,GASAL,2014/2015
23100587,SB3016,6,6,A,D,GASAL,2014/2015
23100581,SI4046,6,0,A,T,GASAL,2014/2015
23100571,SI4046,6,0,A,T,GASAL,2014/2015
72110074,SI3033,3,3,A,F,GASAL,2014/2015
23090442,SI4046,6,0,A,T,GASAL,2014/2015
23090481,SI2016,6,6,A,C+,GASAL,2014/2015
23090473,SI4046,6,0,A,T,GASAL,2014/2015
23090460,MH5033,3,3,A,A-,GASAL,2014/2015
23090460,SI1016,6,7,A,B+,GASAL,2014/2015
23090460,PR1016,0,0,B,T,GASAL,2014/2015
23090461,SI4046,6,0,A,T,GASAL,2014/2015
23090458,SI0001,0,0,A,T,GASAL,2014/2015
23090460,SI1036,6,9,A,C,GASAL,2014/2015
23090460,PR1036,0,0,A,T,GASAL,2014/2015
23090483,SI4046,6,0,A,T,GASAL,2014/2015
23090463,SI4046,6,0,A,T,GASAL,2014/2015
23090481,SI3033,3,3,A,B,GASAL,2014/2015
23090485,SI4046,6,0,A,T,GASAL,2014/2015
23090464,SI1016,6,7,A,B,GASAL,2014/2015
23090464,PR1016,0,0,B,T,GASAL,2014/2015
23090464,MH3013,3,3,H,B,GASAL,2014/2015
23090467,SI3026,6,7,A,C+,GASAL,2014/2015
23090467,PR3026,0,0,A,T,GASAL,2014/2015
23090447,SI4046,6,0,A,T,GASAL,2014/2015
23090467,SI4023,3,3,A,E,GASAL,2014/2015
23090459,SI4023,3,3,A,E,GASAL,2014/2015
23090488,SI4033,3,3,A,B+,GASAL,2014/2015
23090522,SI1016,6,7,A,B+,GASAL,2014/2015
23090488,SI1043,3,3,A,A-,GASAL,2014/2015
23090489,SI4046,6,0,A,T,GASAL,2014/2015
23090522,PR1016,0,0,B,T,GASAL,2014/2015
23090513,MH3013,3,3,H,C+,GASAL,2014/2015
23090491,SI2016,6,6,A,D,GASAL,2014/2015
23090488,SI3033,3,3,A,A,GASAL,2014/2015
23090513,SI1043,3,3,A,B-,GASAL,2014/2015
23090488,MH5053,3,4,A,A,GASAL,2014/2015
23090496,SI4046,6,0,A,T,GASAL,2014/2015
23090494,SI2016,6,6,A,C,GASAL,2014/2015
23090494,SI2026,6,8,A,B-,GASAL,2014/2015
23090491,SI4033,3,3,A,B-,GASAL,2014/2015
23090494,PR2026,0,0,A,T,GASAL,2014/2015
23090509,SI1036,6,9,A,C,GASAL,2014/2015
23090509,PR1036,0,0,A,T,GASAL,2014/2015
23090522,MH3013,3,3,H,D,GASAL,2014/2015
23090515,SI4046,6,0,A,T,GASAL,2014/2015
23090509,SI2026,6,8,A,B-,GASAL,2014/2015
23090509,PR2026,0,0,B,T,GASAL,2014/2015
23090491,MH3013,3,3,H,B-,GASAL,2014/2015
23090519,SI4046,6,0,A,T,GASAL,2014/2015
23090491,SI5303,3,3,A,A-,GASAL,2014/2015
23090503,SI4046,6,0,A,T,GASAL,2014/2015
23090498,SI4046,6,0,A,T,GASAL,2014/2015
23090511,SI1043,3,3,A,B,GASAL,2014/2015
23090511,SI4046,6,0,A,T,GASAL,2014/2015
23090518,SI4046,6,0,A,T,GASAL,2014/2015
23090512,SI1036,6,9,A,C,GASAL,2014/2015
23090512,PR1036,0,0,A,T,GASAL,2014/2015
23090509,SI1026,6,6,A,C,GASAL,2014/2015
23090512,MH2013,3,3,A,C,GASAL,2014/2015
23090494,SI3033,3,3,A,A-,GASAL,2014/2015
23090514,MH3013,3,3,H,A-,GASAL,2014/2015
23090512,SI4013,3,5,A,E,GASAL,2014/2015
23090514,SI5303,3,3,A,B-,GASAL,2014/2015
23090514,SI3033,3,3,A,A,GASAL,2014/2015
23090514,SI4033,3,3,A,B,GASAL,2014/2015
23090512,SB3016,6,6,A,D,GASAL,2014/2015
23090464,SI1036,6,9,A,C,GASAL,2014/2015
23090464,PR1036,0,0,A,T,GASAL,2014/2015
23100565,SI3016,6,8,A,A,GASAL,2014/2015
23100565,PR3016,0,0,B,T,GASAL,2014/2015
23090525,SI4046,6,0,A,T,GASAL,2014/2015
23100565,SI3026,6,7,A,B,GASAL,2014/2015
23100565,PR3026,0,0,B,T,GASAL,2014/2015
72120070,SB3016,6,6,A,B,GASAL,2014/2015
72120073,SB3016,6,6,A,E,GASAL,2014/2015
72120070,SI3026,6,7,A,C+,GASAL,2014/2015
72120073,SI3016,6,8,A,A,GASAL,2014/2015
72120070,PR3026,0,0,A,T,GASAL,2014/2015
72120073,PR3016,0,0,B,T,GASAL,2014/2015
72120073,SI3026,6,7,A,B-,GASAL,2014/2015
72120073,PR3026,0,0,B,T,GASAL,2014/2015
72120070,SI3016,6,8,A,A,GASAL,2014/2015
72120070,PR3016,0,0,B,T,GASAL,2014/2015
72120073,SI3033,3,3,A,A,GASAL,2014/2015
72120070,SI3033,3,3,A,A-,GASAL,2014/2015
72130016,MH2013,3,3,A,B+,GASAL,2014/2015
72130016,SI2016,6,6,A,B-,GASAL,2014/2015
72130016,SI2026,6,8,A,C,GASAL,2014/2015
72130016,PR2026,0,0,B,T,GASAL,2014/2015
23080409,SI2016,6,6,A,B-,GASAL,2014/2015
72130016,MH5013,3,4,A,B-,GASAL,2014/2015
23080409,SI4046,6,0,A,T,GASAL,2014/2015
23080310,SI2016,6,6,A,C,GASAL,2014/2015
23090454,SI4023,3,3,A,E,GASAL,2014/2015
23080310,SI1043,3,3,A,B-,GASAL,2014/2015
23080393,SI2016,6,6,A,C+,GASAL,2014/2015
23080304,SI4046,6,0,A,T,GASAL,2014/2015
23080393,SI1036,6,9,A,A-,GASAL,2014/2015
23080393,PR1036,0,0,A,T,GASAL,2014/2015
23080434,SI2026,6,8,A,D,GASAL,2014/2015
23080434,PR2026,0,0,B,T,GASAL,2014/2015
23080400,SI1036,6,9,A,D,GASAL,2014/2015
23080400,PR1036,0,0,A,T,GASAL,2014/2015
23080345,SI4046,6,0,A,T,GASAL,2014/2015
23080393,SI4046,6,0,A,T,GASAL,2014/2015
23080310,SI3033,3,3,A,A,GASAL,2014/2015
23080400,MH3013,3,3,H,B,GASAL,2014/2015
23080435,SI1043,3,3,A,B,GASAL,2014/2015
23080435,SI4046,6,0,A,T,GASAL,2014/2015
23080435,MH3013,3,3,H,B,GASAL,2014/2015
23080380,SI4046,6,0,A,T,GASAL,2014/2015
23080332,SI3026,6,7,A,B-,GASAL,2014/2015
23080434,SI1026,6,6,A,C+,GASAL,2014/2015
23080332,PR3026,0,0,A,T,GASAL,2014/2015
23080390,SI4046,6,0,A,T,GASAL,2014/2015
23080435,PB5043,3,3,A,C+,GASAL,2014/2015
23080362,SI3026,6,7,A,B,GASAL,2014/2015
23080362,PR3026,0,0,A,T,GASAL,2014/2015
23080362,SI2016,6,6,A,C,GASAL,2014/2015
23080434,SI2016,6,6,A,C+,GASAL,2014/2015
23080333,SM3016,6,8,A,E,GASAL,2014/2015
23080348,SI4046,6,0,A,T,GASAL,2014/2015
23080332,SI4023,3,3,A,B+,GASAL,2014/2015
23070256,SI4023,3,3,A,E,GASAL,2014/2015
23080309,MH2013,3,3,A,D,GASAL,2014/2015
23080352,SI4046,6,0,A,T,GASAL,2014/2015
23080397,SI4046,6,0,A,T,GASAL,2014/2015
23080322,SI4046,6,0,A,T,GASAL,2014/2015
23080322,SI5303,3,3,A,B,GASAL,2014/2015
72130038,SI1016,6,7,A,E,GASAL,2014/2015
72130038,PR1016,0,0,B,T,GASAL,2014/2015
23080333,SI2036,6,8,A,E,GASAL,2014/2015
72110070,MH1063,3,3,C,B,GASAL,2014/2015
72110070,MH3013,3,3,H,B-,GASAL,2014/2015
72110070,SI2016,6,6,A,B-,GASAL,2014/2015
72110070,SI4033,3,3,A,A-,GASAL,2014/2015
23070243,SI4046,6,0,A,T,GASAL,2014/2015
72130038,SI1036,6,9,A,E,GASAL,2014/2015
72130038,PR1036,0,0,A,T,GASAL,2014/2015
23080322,SI4023,3,3,A,E,GASAL,2014/2015
72130038,MH2013,3,3,A,C+,GASAL,2014/2015
23070269,SI4046,6,0,A,T,GASAL,2014/2015
23070299,SI3026,6,7,A,B,GASAL,2014/2015
23070299,PR3026,0,0,A,T,GASAL,2014/2015
23070246,SI4046,6,0,A,T,GASAL,2014/2015
72110070,SI4023,3,3,A,B,GASAL,2014/2015
23070299,SI1036,6,9,A,D,GASAL,2014/2015
23070299,PR1036,0,0,A,T,GASAL,2014/2015
72130038,SI2073,3,5,A,E,GASAL,2014/2015
23070299,PB5043,3,3,A,C+,GASAL,2014/2015
23070275,SI4046,6,0,A,T,GASAL,2014/2015
23070281,SI0001,0,0,A,T,GASAL,2014/2015
23070288,SI4046,6,0,A,T,GASAL,2014/2015
23070245,SI0001,0,0,A,T,GASAL,2014/2015
23070242,SI1026,6,6,A,C,GASAL,2014/2015
23070278,SI0001,0,0,A,T,GASAL,2014/2015
23070297,SI4046,6,0,A,T,GASAL,2014/2015
23070261,SI0001,0,0,A,T,GASAL,2014/2015
23070229,SI4046,6,0,A,T,GASAL,2014/2015
23070248,SI0001,0,0,A,T,GASAL,2014/2015
23050016,SI4046,6,0,A,T,GASAL,2014/2015
23060108,SI4046,6,0,A,T,GASAL,2014/2015
23060107,SI4046,6,0,A,T,GASAL,2014/2015
23060182,SI0001,0,0,A,T,GASAL,2014/2015
23050059,SI4046,6,0,A,T,GASAL,2014/2015
23060108,SI2036,6,8,A,E,GASAL,2014/2015
23050088,SI3033,3,3,A,A,GASAL,2014/2015
23050088,SI3026,6,7,A,C+,GASAL,2014/2015
23050088,PR3026,0,0,A,T,GASAL,2014/2015
72110077,SI3016,6,8,A,B+,GASAL,2014/2015
72110077,PR3016,0,0,B,T,GASAL,2014/2015
23100589,SI4046,6,0,A,T,GASAL,2014/2015
72130048,SI1036,6,9,A,C,GASAL,2014/2015
72130048,PR1036,0,0,A,T,GASAL,2014/2015
72130048,MH2013,3,3,A,C,GASAL,2014/2015
72130048,MH5053,3,4,A,A,GASAL,2014/2015
72130019,SI2016,6,6,A,C+,GASAL,2014/2015
72110077,SI2016,6,6,A,C+,GASAL,2014/2015
72110077,SI2073,3,5,A,C+,GASAL,2014/2015
72130021,MH2013,3,3,A,A-,GASAL,2014/2015
72130019,SI2073,3,5,A,D,GASAL,2014/2015
72130021,MH5033,3,3,A,A-,GASAL,2014/2015
72130017,SI2016,6,6,A,A,GASAL,2014/2015
72130021,SI2016,6,6,A,A,GASAL,2014/2015
72130017,MH5033,3,3,A,A,GASAL,2014/2015
72130017,MH2013,3,3,A,A-,GASAL,2014/2015
23090494,SI1026,6,6,A,B,GASAL,2014/2015
23090494,SI5303,3,3,A,B+,GASAL,2014/2015
72130017,SI2026,6,8,A,A-,GASAL,2014/2015
72130017,PR2026,0,0,A,T,GASAL,2014/2015
72130021,SI2026,6,8,A,A-,GASAL,2014/2015
72130021,PR2026,0,0,A,T,GASAL,2014/2015
23090474,SI4013,3,5,A,C,GASAL,2014/2015
23090474,SI4033,3,3,A,C+,GASAL,2014/2015
23090466,SI2026,6,8,A,E,GASAL,2014/2015
23090466,PR2026,0,0,B,T,GASAL,2014/2015
23090466,SI1043,3,3,A,C,GASAL,2014/2015
23090507,SI3016,6,8,A,E,GASAL,2014/2015
23090507,PR3016,0,0,B,T,GASAL,2014/2015
23100561,SI4046,6,0,A,T,GASAL,2014/2015
72130052,PB5033,3,3,A,B,GASAL,2014/2015
23060135,SI0001,0,0,A,T,GASAL,2014/2015
23090507,SI2016,6,6,A,E,GASAL,2014/2015
23100532,SI3026,6,7,A,E,GASAL,2014/2015
23100532,PR3026,0,0,B,T,GASAL,2014/2015
23090507,SI1026,6,6,A,E,GASAL,2014/2015
23090466,SI2016,6,6,A,D,GASAL,2014/2015
23090474,SB3016,6,6,A,C,GASAL,2014/2015
23090460,SI5393,3,5,A,B,GASAL,2014/2015
23080304,SI5393,3,5,A,B-,GASAL,2014/2015
23090522,SI5393,3,5,A,E,GASAL,2014/2015
72110018,SI5393,3,5,A,A,GASAL,2014/2015
72110031,SI5393,3,5,A,A,GASAL,2014/2015
72110060,SI5393,3,5,A,E,GASAL,2014/2015
72110066,SI5393,3,5,A,A,GASAL,2014/2015
72110074,SI5393,3,5,A,A,GASAL,2014/2015
23090481,SI5393,3,5,A,C+,GASAL,2014/2015
23080382,SI4046,6,0,A,T,GASAL,2014/2015
72120011,PR2026,0,0,B,T,GASAL,2014/2015
72120011,SI2026,6,8,A,D,GASAL,2014/2015
23100576,SI5283,3,3,A,B,GASAL,2014/2015
23080309,PR3026,0,0,A,T,GASAL,2014/2015
23080309,SI3026,6,7,A,B-,GASAL,2014/2015
72130021,SI2036,6,8,A,B-,GASAL,2014/2015
72130017,SI2036,6,8,A,A-,GASAL,2014/2015
23100543,SI3016,6,8,A,A-,GASAL,2014/2015
23100543,PR3016,0,0,B,T,GASAL,2014/2015
23100543,MH5053,3,4,A,B-,GASAL,2014/2015
23100543,SI5393,3,5,A,E,GASAL,2014/2015
72130019,SI2036,6,8,A,E,GASAL,2014/2015
72130037,SI2026,6,8,A,C,GASAL,2014/2015
72130037,PR2026,0,0,B,T,GASAL,2014/2015
72130037,SI2016,6,6,A,B-,GASAL,2014/2015
72120038,SI1016,6,7,A,D,GASAL,2014/2015
72120038,PR1016,0,0,B,T,GASAL,2014/2015
72120038,SI2016,6,6,A,D,GASAL,2014/2015
72130023,SI2016,6,6,A,B-,GASAL,2014/2015
72120080,SI2026,6,8,A,E,GASAL,2014/2015
72120080,PR2026,0,0,B,T,GASAL,2014/2015
72120080,SI2016,6,6,A,C,GASAL,2014/2015
72110080,SI1026,6,6,A,E,GASAL,2014/2015
72130023,MH2013,3,3,A,B-,GASAL,2014/2015
72130023,SI2036,6,8,A,E,GASAL,2014/2015
23100532,SI2016,6,6,A,E,GASAL,2014/2015
72130016,SI2036,6,8,A,C+,GASAL,2014/2015
23050016,SI4023,3,3,A,B,GASAL,2014/2015
23050032,SI4023,3,3,A,C+,GASAL,2014/2015
23090444,SI4023,3,3,A,E,GASAL,2014/2015
72130038,MH1013,3,3,J,D,GASAL,2014/2015
72130052,SI4046,6,0,A,T,GASAL,2014/2015
23080403,SI4046,6,0,A,T,GASAL,2014/2015
23080369,SI4023,3,3,A,B-,GASAL,2014/2015
23050032,SI4046,6,0,A,T,GASAL,2014/2015
72130020,SI1043,3,3,A,E,GASAL,2014/2015
72130020,SI2073,3,5,A,E,GASAL,2014/2015
72130020,MH2013,3,3,A,E,GASAL,2014/2015
23100536,SI4046,6,0,A,T,GASAL,2014/2015
72130047,SI1026,6,6,A,D,GASAL,2014/2015
72130047,MH5053,3,4,A,D,GASAL,2014/2015
72130047,MH5033,3,3,A,B+,GASAL,2014/2015
23090474,SI4023,3,3,A,E,GASAL,2014/2015
72120077,SI1043,3,3,A,B+,GASAL,2014/2015
23070271,SI0001,0,0,A,T,GASAL,2014/2015
23090444,SI3026,6,7,A,B+,GASAL,2014/2015
23090444,PR3026,0,0,A,T,GASAL,2014/2015
23090444,MH2013,3,3,A,E,GASAL,2014/2015
23090444,SB3016,6,6,A,E,GASAL,2014/2015
23080432,SI4046,6,0,A,T,GASAL,2014/2015
72120085,SI2016,6,6,A,D,GASAL,2014/2015
72120085,SI1043,3,3,A,B-,GASAL,2014/2015
23070254,SI4046,6,0,A,T,GASAL,2014/2015
23100565,SI5283,3,3,A,B+,GASAL,2014/2015
23070193,SI0001,0,0,A,T,GASAL,2014/2015
72120036,SI3073,3,3,A,A,GASAL,2014/2015
72120031,SI3073,3,3,A,A,GASAL,2014/2015
72120021,MH2013,3,3,A,E,GASAL,2014/2015
72120021,MH5023,3,3,A,F,GASAL,2014/2015
72120021,SI1043,3,3,A,E,GASAL,2014/2015
72120021,SI1016,6,7,A,E,GASAL,2014/2015
72120021,PR1016,0,0,B,T,GASAL,2014/2015
72120021,SI1036,6,9,B,E,GASAL,2014/2015
72120021,PR1036,0,0,A,T,GASAL,2014/2015
72140046,MH1013,3,3,J,B+,GASAL,2014/2015
72140046,SI1036,6,9,A,E,GASAL,2014/2015
72140046,PR1036,0,0,A,T,GASAL,2014/2015
72140046,PR9100,0,0,A,E,GASAL,2014/2015
72140046,SI1016,6,7,A,C+,GASAL,2014/2015
72140046,PR1016,0,0,B,T,GASAL,2014/2015
72140046,SI1026,6,6,A,D,GASAL,2014/2015
72140047,MH1013,3,3,J,A-,GASAL,2014/2015
72140047,SI1036,6,9,A,A-,GASAL,2014/2015
72140047,PR1036,0,0,A,T,GASAL,2014/2015
72140047,PR9100,0,0,A,A,GASAL,2014/2015
72140047,SI1016,6,7,A,B+,GASAL,2014/2015
72140047,PR1016,0,0,B,T,GASAL,2014/2015
72140047,SI1026,6,6,A,B,GASAL,2014/2015
72140048,MH1013,3,3,J,E,GASAL,2014/2015
72140048,SI1036,6,9,A,E,GASAL,2014/2015
72140048,PR1036,0,0,A,T,GASAL,2014/2015
72140048,PR9100,0,0,A,E,GASAL,2014/2015
72140048,SI1016,6,7,A,E,GASAL,2014/2015
72140048,PR1016,0,0,B,T,GASAL,2014/2015
72140048,SI1026,6,6,A,E,GASAL,2014/2015
72140049,MH1013,3,3,J,C,GASAL,2014/2015
72140049,SI1036,6,9,A,E,GASAL,2014/2015
72140049,PR1036,0,0,A,T,GASAL,2014/2015
72140049,PR9100,0,0,A,C,GASAL,2014/2015
72140049,SI1016,6,7,A,B-,GASAL,2014/2015
72140049,PR1016,0,0,B,T,GASAL,2014/2015
72140049,SI1026,6,6,A,B-,GASAL,2014/2015
72110043,SI5393,3,5,A,A-,GASAL,2014/2015
23070247,SI4046,6,0,A,T,GASAL,2014/2015
23070242,SI2016,6,6,A,D,GASAL,2014/2015
23070242,MH1013,3,3,H,D,GASAL,2014/2015
72140050,MH1013,3,3,J,A-,GASAL,2014/2015
72140050,SI1036,6,9,A,C,GASAL,2014/2015
72140050,PR1036,0,0,A,T,GASAL,2014/2015
72140050,PR9100,0,0,A,D,GASAL,2014/2015
72140050,SI1016,6,7,A,B+,GASAL,2014/2015
72140050,PR1016,0,0,B,T,GASAL,2014/2015
72140050,SI1026,6,6,A,B-,GASAL,2014/2015
72110008,SI5393,3,5,A,E,GASAL,2014/2015
72120069,MH5013,3,4,A,B,GASAL,2014/2015
72120054,MH5013,3,4,A,B+,GASAL,2014/2015
23090522,MH5023,3,3,A,A-,GASAL,2014/2015
72130046,SI1036,6,9,A,E,GASAL,2014/2015
72130046,PR1036,0,0,A,T,GASAL,2014/2015
72130046,MH2013,3,3,A,C,GASAL,2014/2015
72130041,MH2013,3,3,A,E,GASAL,2014/2015
23080430,SI4046,6,0,A,T,GASAL,2014/2015
23050080,SI4046,6,0,A,T,GASAL,2014/2015
23070247,SI1036,6,9,A,C,GASAL,2014/2015
23070247,PR1036,0,0,A,T,GASAL,2014/2015
72140051,MH1013,3,3,J,E,GASAL,2014/2015
72140051,SI1036,6,9,A,E,GASAL,2014/2015
72140051,PR1036,0,0,A,T,GASAL,2014/2015
72140051,PR9100,0,0,A,E,GASAL,2014/2015
72140051,SI1016,6,7,A,E,GASAL,2014/2015
72140051,PR1016,0,0,B,T,GASAL,2014/2015
72140051,SI1026,6,6,A,E,GASAL,2014/2015
72130019,SI2026,6,8,A,D,GASAL,2014/2015
72130019,PR2026,0,0,B,T,GASAL,2014/2015
72130049,MH5033,3,3,A,A,GASAL,2014/2015
72110080,SI1016,6,7,A,E,GASAL,2014/2015
72110080,PR1016,0,0,B,T,GASAL,2014/2015
72130044,SI2036,6,8,A,E,GASAL,2014/2015
72130023,SI2026,6,8,A,C,GASAL,2014/2015
72130023,PR2026,0,0,A,T,GASAL,2014/2015
23070296,SI4046,6,0,A,T,GASAL,2014/2015
72140052,MH1013,3,3,J,B+,GASAL,2014/2015
72140052,SI1036,6,9,A,E,GASAL,2014/2015
72140052,PR1036,0,0,A,T,GASAL,2014/2015
72140052,PR9100,0,0,A,C,GASAL,2014/2015
72140052,SI1016,6,7,A,B+,GASAL,2014/2015
72140052,PR1016,0,0,B,T,GASAL,2014/2015
72140052,SI1026,6,6,A,D,GASAL,2014/2015
72140053,MH1013,3,3,J,B+,GASAL,2014/2015
72140053,SI1036,6,9,A,C,GASAL,2014/2015
72140053,PR1036,0,0,A,T,GASAL,2014/2015
72140053,PR9100,0,0,A,B+,GASAL,2014/2015
72140053,SI1016,6,7,A,A-,GASAL,2014/2015
72140053,PR1016,0,0,B,T,GASAL,2014/2015
72140053,SI1026,6,6,A,B-,GASAL,2014/2015
23090514,MH5023,3,3,A,A-,GASAL,2014/2015
23080378,MH3013,3,3,H,C+,GASAL,2014/2015
23080378,SI5303,3,3,A,D,GASAL,2014/2015
23050016,PR9200,0,0,A,T,GASAL,2014/2015
23050032,PR9200,0,0,A,T,GASAL,2014/2015
23050059,PR9200,0,0,A,T,GASAL,2014/2015
23050080,PR9200,0,0,A,T,GASAL,2014/2015
23060107,PR9200,0,0,A,T,GASAL,2014/2015
23060108,PR9200,0,0,A,T,GASAL,2014/2015
23070229,PR9200,0,0,A,T,GASAL,2014/2015
23070243,PR9200,0,0,A,T,GASAL,2014/2015
23070246,PR9200,0,0,A,T,GASAL,2014/2015
23070247,PR9200,0,0,A,T,GASAL,2014/2015
23070254,PR9200,0,0,A,T,GASAL,2014/2015
23070269,PR9200,0,0,A,T,GASAL,2014/2015
23070275,PR9200,0,0,A,T,GASAL,2014/2015
23070288,PR9200,0,0,A,T,GASAL,2014/2015
23070297,PR9200,0,0,A,T,GASAL,2014/2015
23100609,SI3026,6,7,A,B+,GASAL,2014/2015
23100609,PR3026,0,0,A,T,GASAL,2014/2015
23080338,SI0000,0,0,A,T,GASAL,2014/2015
72110017,SI1016,6,7,A,C,GASAL,2014/2015
72110017,PR1016,0,0,B,T,GASAL,2014/2015
72110017,SI2016,6,6,A,D,GASAL,2014/2015
72110017,SI2036,6,8,A,E,GASAL,2014/2015
